  0
SECTION
  2
HEADER
  9
$ACADVER
  1
AC1024
  9
$ACADMAINTVER
 70
6
  9
$DWGCODEPAGE
  3
ANSI_1252
  9
$LASTSAVEDBY
  1
ezdxf
  9
$INSBASE
 10
0.0
 20
0.0
 30
0.0
  9
$EXTMIN
 10
1e+20
 20
1e+20
 30
1e+20
  9
$EXTMAX
 10
-1e+20
 20
-1e+20
 30
-1e+20
  9
$LIMMIN
 10
0.0
 20
0.0
  9
$LIMMAX
 10
420.0
 20
297.0
  9
$ORTHOMODE
 70
0
  9
$REGENMODE
 70
1
  9
$FILLMODE
 70
1
  9
$QTEXTMODE
 70
0
  9
$MIRRTEXT
 70
1
  9
$LTSCALE
 40
1.0
  9
$ATTMODE
 70
1
  9
$TEXTSIZE
 40
2.5
  9
$TRACEWID
 40
1.0
  9
$TEXTSTYLE
  7
Standard
  9
$CLAYER
  8
0
  9
$CELTYPE
  6
ByLayer
  9
$CECOLOR
 62
256
  9
$CELTSCALE
 40
1.0
  9
$DISPSILH
 70
0
  9
$DIMSCALE
 40
1.0
  9
$DIMASZ
 40
2.5
  9
$DIMEXO
 40
0.625
  9
$DIMDLI
 40
3.75
  9
$DIMRND
 40
0.0
  9
$DIMDLE
 40
0.0
  9
$DIMEXE
 40
1.25
  9
$DIMTP
 40
0.0
  9
$DIMTM
 40
0.0
  9
$DIMTXT
 40
2.5
  9
$DIMCEN
 40
2.5
  9
$DIMTSZ
 40
0.0
  9
$DIMTOL
 70
0
  9
$DIMLIM
 70
0
  9
$DIMTIH
 70
0
  9
$DIMTOH
 70
0
  9
$DIMSE1
 70
0
  9
$DIMSE2
 70
0
  9
$DIMTAD
 70
1
  9
$DIMZIN
 70
8
  9
$DIMBLK
  1

  9
$DIMASO
 70
1
  9
$DIMSHO
 70
1
  9
$DIMPOST
  1

  9
$DIMAPOST
  1

  9
$DIMALT
 70
0
  9
$DIMALTD
 70
3
  9
$DIMALTF
 40
0.03937007874
  9
$DIMLFAC
 40
1.0
  9
$DIMTOFL
 70
1
  9
$DIMTVP
 40
0.0
  9
$DIMTIX
 70
0
  9
$DIMSOXD
 70
0
  9
$DIMSAH
 70
0
  9
$DIMBLK1
  1

  9
$DIMBLK2
  1

  9
$DIMSTYLE
  2
ISO-25
  9
$DIMCLRD
 70
0
  9
$DIMCLRE
 70
0
  9
$DIMCLRT
 70
0
  9
$DIMTFAC
 40
1.0
  9
$DIMGAP
 40
0.625
  9
$DIMJUST
 70
0
  9
$DIMSD1
 70
0
  9
$DIMSD2
 70
0
  9
$DIMTOLJ
 70
0
  9
$DIMTZIN
 70
8
  9
$DIMALTZ
 70
0
  9
$DIMALTTZ
 70
0
  9
$DIMUPT
 70
0
  9
$DIMDEC
 70
2
  9
$DIMTDEC
 70
2
  9
$DIMALTU
 70
2
  9
$DIMALTTD
 70
3
  9
$DIMTXSTY
  7
Standard
  9
$DIMAUNIT
 70
0
  9
$DIMADEC
 70
0
  9
$DIMALTRND
 40
0.0
  9
$DIMAZIN
 70
0
  9
$DIMDSEP
 70
44
  9
$DIMATFIT
 70
3
  9
$DIMFRAC
 70
0
  9
$DIMLDRBLK
  1

  9
$DIMLUNIT
 70
2
  9
$DIMLWD
 70
-2
  9
$DIMLWE
 70
-2
  9
$DIMTMOVE
 70
0
  9
$DIMFXL
 40
1.0
  9
$DIMFXLON
 70
0
  9
$DIMJOGANG
 40
0.785398163397
  9
$DIMTFILL
 70
0
  9
$DIMTFILLCLR
 70
0
  9
$DIMARCSYM
 70
0
  9
$DIMLTYPE
  6

  9
$DIMLTEX1
  6

  9
$DIMLTEX2
  6

  9
$DIMTXTDIRECTION
 70
0
  9
$LUNITS
 70
2
  9
$LUPREC
 70
4
  9
$SKETCHINC
 40
1.0
  9
$FILLETRAD
 40
10.0
  9
$AUNITS
 70
0
  9
$AUPREC
 70
2
  9
$MENU
  1
.
  9
$ELEVATION
 40
0.0
  9
$PELEVATION
 40
0.0
  9
$THICKNESS
 40
0.0
  9
$LIMCHECK
 70
0
  9
$CHAMFERA
 40
0.0
  9
$CHAMFERB
 40
0.0
  9
$CHAMFERC
 40
0.0
  9
$CHAMFERD
 40
0.0
  9
$SKPOLY
 70
0
  9
$TDCREATE
 40
2461301.5588425924
  9
$TDUCREATE
 40
2458532.153996898
  9
$TDUPDATE
 40
2461301.5588425924
  9
$TDUUPDATE
 40
2458532.1544311
  9
$TDINDWG
 40
0.0
  9
$TDUSRTIMER
 40
0.0
  9
$USRTIMER
 70
1
  9
$ANGBASE
 50
0.0
  9
$ANGDIR
 70
0
  9
$PDMODE
 70
0
  9
$PDSIZE
 40
0.0
  9
$PLINEWID
 40
0.0
  9
$SPLFRAME
 70
0
  9
$SPLINETYPE
 70
6
  9
$SPLINESEGS
 70
8
  9
$HANDSEED
  5
273
  9
$SURFTAB1
 70
6
  9
$SURFTAB2
 70
6
  9
$SURFTYPE
 70
6
  9
$SURFU
 70
6
  9
$SURFV
 70
6
  9
$UCSBASE
  2

  9
$UCSNAME
  2

  9
$UCSORG
 10
0.0
 20
0.0
 30
0.0
  9
$UCSXDIR
 10
1.0
 20
0.0
 30
0.0
  9
$UCSYDIR
 10
0.0
 20
1.0
 30
0.0
  9
$UCSORTHOREF
  2

  9
$UCSORTHOVIEW
 70
0
  9
$UCSORGTOP
 10
0.0
 20
0.0
 30
0.0
  9
$UCSORGBOTTOM
 10
0.0
 20
0.0
 30
0.0
  9
$UCSORGLEFT
 10
0.0
 20
0.0
 30
0.0
  9
$UCSORGRIGHT
 10
0.0
 20
0.0
 30
0.0
  9
$UCSORGFRONT
 10
0.0
 20
0.0
 30
0.0
  9
$UCSORGBACK
 10
0.0
 20
0.0
 30
0.0
  9
$PUCSBASE
  2

  9
$PUCSNAME
  2

  9
$PUCSORG
 10
0.0
 20
0.0
 30
0.0
  9
$PUCSXDIR
 10
1.0
 20
0.0
 30
0.0
  9
$PUCSYDIR
 10
0.0
 20
1.0
 30
0.0
  9
$PUCSORTHOREF
  2

  9
$PUCSORTHOVIEW
 70
0
  9
$PUCSORGTOP
 10
0.0
 20
0.0
 30
0.0
  9
$PUCSORGBOTTOM
 10
0.0
 20
0.0
 30
0.0
  9
$PUCSORGLEFT
 10
0.0
 20
0.0
 30
0.0
  9
$PUCSORGRIGHT
 10
0.0
 20
0.0
 30
0.0
  9
$PUCSORGFRONT
 10
0.0
 20
0.0
 30
0.0
  9
$PUCSORGBACK
 10
0.0
 20
0.0
 30
0.0
  9
$USERI1
 70
0
  9
$USERI2
 70
0
  9
$USERI3
 70
0
  9
$USERI4
 70
0
  9
$USERI5
 70
0
  9
$USERR1
 40
0.0
  9
$USERR2
 40
0.0
  9
$USERR3
 40
0.0
  9
$USERR4
 40
0.0
  9
$USERR5
 40
0.0
  9
$WORLDVIEW
 70
1
  9
$SHADEDGE
 70
3
  9
$SHADEDIF
 70
70
  9
$TILEMODE
 70
1
  9
$MAXACTVP
 70
64
  9
$PINSBASE
 10
0.0
 20
0.0
 30
0.0
  9
$PLIMCHECK
 70
0
  9
$PEXTMIN
 10
1e+20
 20
1e+20
 30
1e+20
  9
$PEXTMAX
 10
-1e+20
 20
-1e+20
 30
-1e+20
  9
$PLIMMIN
 10
0.0
 20
0.0
  9
$PLIMMAX
 10
420.0
 20
297.0
  9
$UNITMODE
 70
0
  9
$VISRETAIN
 70
1
  9
$PLINEGEN
 70
0
  9
$PSLTSCALE
 70
1
  9
$TREEDEPTH
 70
3020
  9
$CMLSTYLE
  2
Standard
  9
$CMLJUST
 70
0
  9
$CMLSCALE
 40
20.0
  9
$PROXYGRAPHICS
 70
1
  9
$MEASUREMENT
 70
1
  9
$CELWEIGHT
370
-1
  9
$ENDCAPS
280
0
  9
$JOINSTYLE
280
0
  9
$LWDISPLAY
290
0
  9
$INSUNITS
 70
4
  9
$HYPERLINKBASE
  1

  9
$STYLESHEET
  1

  9
$XEDIT
290
1
  9
$CEPSNTYPE
380
0
  9
$PSTYLEMODE
290
1
  9
$FINGERPRINTGUID
  2
{419975FA-1DA9-48DD-8EDE-440DC1C0079B}
  9
$VERSIONGUID
  2
{1FE9B785-9A0D-4468-8BAE-760FD2CABF69}
  9
$EXTNAMES
290
1
  9
$PSVPSCALE
 40
0.0
  9
$OLESTARTUP
290
0
  9
$SORTENTS
280
127
  9
$INDEXCTL
280
0
  9
$HIDETEXT
280
1
  9
$XCLIPFRAME
280
1
  9
$HALOGAP
280
0
  9
$OBSCOLOR
 70
257
  9
$OBSLTYPE
280
0
  9
$INTERSECTIONDISPLAY
280
0
  9
$INTERSECTIONCOLOR
 70
257
  9
$DIMASSOC
280
2
  9
$PROJECTNAME
  1

  9
$CAMERADISPLAY
290
0
  9
$LENSLENGTH
 40
50.0
  9
$CAMERAHEIGHT
 40
0.0
  9
$STEPSPERSEC
 40
24.0
  9
$STEPSIZE
 40
100.0
  9
$3DDWFPREC
 40
2.0
  9
$PSOLWIDTH
 40
0.005
  9
$PSOLHEIGHT
 40
0.08
  9
$LOFTANG1
 40
1.570796326795
  9
$LOFTANG2
 40
1.570796326795
  9
$LOFTMAG1
 40
0.0
  9
$LOFTMAG2
 40
0.0
  9
$LOFTPARAM
 70
7
  9
$LOFTNORMALS
280
1
  9
$LATITUDE
 40
37.795
  9
$LONGITUDE
 40
-122.394
  9
$NORTHDIRECTION
 40
0.0
  9
$TIMEZONE
 70
-8000
  9
$LIGHTGLYPHDISPLAY
280
1
  9
$TILEMODELIGHTSYNCH
280
1
  9
$CMATERIAL
347
20
  9
$SOLIDHIST
280
0
  9
$SHOWHIST
280
1
  9
$DWFFRAME
280
2
  9
$DGNFRAME
280
2
  9
$REALWORLDSCALE
290
1
  9
$INTERFERECOLOR
 62
256
  9
$CSHADOW
280
0
  9
$SHADOWPLANELOCATION
 40
0.0
  0
ENDSEC
  0
SECTION
  2
CLASSES
  0
CLASS
  1
ACDBDICTIONARYWDFLT
  2
AcDbDictionaryWithDefault
  3
ObjectDBX Classes
 90
0
 91
0
280
0
281
0
  0
CLASS
  1
SUN
  2
AcDbSun
  3
SCENEOE
 90
1153
 91
0
280
0
281
0
  0
CLASS
  1
VISUALSTYLE
  2
AcDbVisualStyle
  3
ObjectDBX Classes
 90
4095
 91
0
280
0
281
0
  0
CLASS
  1
MATERIAL
  2
AcDbMaterial
  3
ObjectDBX Classes
 90
1153
 91
0
280
0
281
0
  0
CLASS
  1
SCALE
  2
AcDbScale
  3
ObjectDBX Classes
 90
1153
 91
0
280
0
281
0
  0
CLASS
  1
TABLESTYLE
  2
AcDbTableStyle
  3
ObjectDBX Classes
 90
4095
 91
0
280
0
281
0
  0
CLASS
  1
MLEADERSTYLE
  2
AcDbMLeaderStyle
  3
ACDB_MLEADERSTYLE_CLASS
 90
4095
 91
0
280
0
281
0
  0
CLASS
  1
DICTIONARYVAR
  2
AcDbDictionaryVar
  3
ObjectDBX Classes
 90
0
 91
0
280
0
281
0
  0
CLASS
  1
CELLSTYLEMAP
  2
AcDbCellStyleMap
  3
ObjectDBX Classes
 90
1152
 91
0
280
0
281
0
  0
CLASS
  1
MENTALRAYRENDERSETTINGS
  2
AcDbMentalRayRenderSettings
  3
SCENEOE
 90
1024
 91
0
280
0
281
0
  0
CLASS
  1
ACDBDETAILVIEWSTYLE
  2
AcDbDetailViewStyle
  3
ObjectDBX Classes
 90
1025
 91
0
280
0
281
0
  0
CLASS
  1
ACDBSECTIONVIEWSTYLE
  2
AcDbSectionViewStyle
  3
ObjectDBX Classes
 90
1025
 91
0
280
0
281
0
  0
CLASS
  1
RASTERVARIABLES
  2
AcDbRasterVariables
  3
ISM
 90
0
 91
0
280
0
281
0
  0
CLASS
  1
ACDBPLACEHOLDER
  2
AcDbPlaceHolder
  3
ObjectDBX Classes
 90
0
 91
0
280
0
281
0
  0
CLASS
  1
LAYOUT
  2
AcDbLayout
  3
ObjectDBX Classes
 90
0
 91
0
280
0
281
0
  0
ENDSEC
  0
SECTION
  2
TABLES
  0
TABLE
  2
VPORT
  5
8
330
0
100
AcDbSymbolTable
 70
1
  0
VPORT
  5
23
330
8
100
AcDbSymbolTableRecord
100
AcDbViewportTableRecord
  2
*Active
 70
0
 10
0.0
 20
0.0
 11
1.0
 21
1.0
 12
0.0
 22
0.0
 13
0.0
 23
0.0
 14
0.5
 24
0.5
 15
0.5
 25
0.5
 16
0.0
 26
0.0
 36
1.0
 17
0.0
 27
0.0
 37
0.0
 40
1000.0
 41
1.34
 42
50.0
 43
0.0
 44
0.0
 50
0.0
 51
0.0
 71
0
 72
1000
 73
1
 74
3
 75
0
 76
0
 77
0
 78
0
281
0
 65
0
146
0.0
  0
ENDTAB
  0
TABLE
  2
LTYPE
  5
2
330
0
100
AcDbSymbolTable
 70
3
  0
LTYPE
  5
24
330
2
100
AcDbSymbolTableRecord
100
AcDbLinetypeTableRecord
  2
ByBlock
 70
0
  3

 72
65
 73
0
 40
0.0
  0
LTYPE
  5
25
330
2
100
AcDbSymbolTableRecord
100
AcDbLinetypeTableRecord
  2
ByLayer
 70
0
  3

 72
65
 73
0
 40
0.0
  0
LTYPE
  5
26
330
2
100
AcDbSymbolTableRecord
100
AcDbLinetypeTableRecord
  2
Continuous
 70
0
  3

 72
65
 73
0
 40
0.0
  0
ENDTAB
  0
TABLE
  2
LAYER
  5
1
330
0
100
AcDbSymbolTable
 70
3
  0
LAYER
  5
27
330
1
100
AcDbSymbolTableRecord
100
AcDbLayerTableRecord
  2
0
 70
0
 62
7
  6
Continuous
370
-3
390
13
347
21
  0
LAYER
  5
28
330
1
100
AcDbSymbolTableRecord
100
AcDbLayerTableRecord
  2
Defpoints
 70
0
 62
7
  6
Continuous
290
0
370
-3
390
13
347
21
  0
LAYER
  5
2F
330
1
100
AcDbSymbolTableRecord
100
AcDbLayerTableRecord
  2
CUT
 70
0
 62
1
  6
Continuous
370
-3
390
13
347
21
  0
ENDTAB
  0
TABLE
  2
STYLE
  5
5
330
0
100
AcDbSymbolTable
 70
1
  0
STYLE
  5
29
330
5
100
AcDbSymbolTableRecord
100
AcDbTextStyleTableRecord
  2
Standard
 70
0
 40
0.0
 41
1.0
 50
0.0
 71
0
 42
2.5
  3
txt
  4

  0
ENDTAB
  0
TABLE
  2
VIEW
  5
7
330
0
100
AcDbSymbolTable
 70
0
  0
ENDTAB
  0
TABLE
  2
UCS
  5
6
330
0
100
AcDbSymbolTable
 70
0
  0
ENDTAB
  0
TABLE
  2
APPID
  5
3
330
0
100
AcDbSymbolTable
 70
3
  0
APPID
  5
2A
330
3
100
AcDbSymbolTableRecord
100
AcDbRegAppTableRecord
  2
ACAD
 70
0
  0
APPID
  5
270
330
3
100
AcDbSymbolTableRecord
100
AcDbRegAppTableRecord
  2
HATCHBACKGROUNDCOLOR
 70
0
  0
APPID
  5
271
330
3
100
AcDbSymbolTableRecord
100
AcDbRegAppTableRecord
  2
EZDXF
 70
0
  0
ENDTAB
  0
TABLE
  2
DIMSTYLE
  5
4
330
0
100
AcDbSymbolTable
 70
1
100
AcDbDimStyleTable
  0
DIMSTYLE
105
2B
330
4
100
AcDbSymbolTableRecord
100
AcDbDimStyleTableRecord
  2
Standard
 70
0
 40
1.0
 41
2.5
 42
0.625
 43
3.75
 44
1.25
 45
0.0
 46
0.0
 47
0.0
 48
0.0
 49
2.5
140
2.5
141
2.5
142
0.0
143
0.03937007874
144
1.0
145
0.0
146
1.0
147
0.625
148
0.0
 69
0
 70
0
 71
0
 72
0
 73
0
 74
0
 75
0
 76
0
 77
1
 78
8
 79
3
170
0
171
3
172
1
173
0
174
0
175
0
176
0
177
0
178
0
179
2
271
2
272
2
273
2
274
3
275
0
276
0
277
2
278
44
279
0
280
0
281
0
282
0
283
0
284
8
285
0
286
0
288
0
289
3
290
0
371
-2
372
-2
  0
ENDTAB
  0
TABLE
  2
BLOCK_RECORD
  5
9
330
0
100
AcDbSymbolTable
 70
2
  0
BLOCK_RECORD
  5
17
330
9
100
AcDbSymbolTableRecord
100
AcDbBlockTableRecord
  2
*Model_Space
340
1A
 70
0
280
1
281
0
  0
BLOCK_RECORD
  5
1B
330
9
100
AcDbSymbolTableRecord
100
AcDbBlockTableRecord
  2
*Paper_Space
340
1E
 70
0
280
1
281
0
  0
ENDTAB
  0
ENDSEC
  0
SECTION
  2
BLOCKS
  0
BLOCK
  5
18
330
17
100
AcDbEntity
  8
0
100
AcDbBlockBegin
  2
*Model_Space
 70
0
 10
0.0
 20
0.0
 30
0.0
  3
*Model_Space
  1

  0
ENDBLK
  5
19
330
17
100
AcDbEntity
  8
0
100
AcDbBlockEnd
  0
BLOCK
  5
1C
330
1B
100
AcDbEntity
  8
0
100
AcDbBlockBegin
  2
*Paper_Space
 70
0
 10
0.0
 20
0.0
 30
0.0
  3
*Paper_Space
  1

  0
ENDBLK
  5
1D
330
1B
100
AcDbEntity
  8
0
100
AcDbBlockEnd
  0
ENDSEC
  0
SECTION
  2
ENTITIES
  0
LWPOLYLINE
  5
30
330
17
100
AcDbEntity
  8
CUT
100
AcDbPolyline
 90
4
 70
1
 10
148.2
 20
0.0
 10
0.0
 20
0.0
 10
0.0
 20
49.70682368868708
 10
148.2
 20
49.70682368868708
  0
LWPOLYLINE
  5
31
330
17
100
AcDbEntity
  8
CUT
100
AcDbPolyline
 90
6
 70
1
 10
16.711383242551193
 20
33.95341184434354
 10
24.101466688178405
 20
33.95341184434354
 10
27.79650841099202
 20
40.35341184434354
 10
24.101466688178405
 20
46.75341184434354
 10
16.711383242551193
 20
46.75341184434354
 10
13.016341519737608
 20
40.35341184434354
  0
LWPOLYLINE
  5
32
330
17
100
AcDbEntity
  8
CUT
100
AcDbPolyline
 90
6
 70
1
 10
124.09853331182158
 20
33.95341184434354
 10
131.4886167574488
 20
33.95341184434354
 10
135.1836584802624
 20
40.35341184434354
 10
131.4886167574488
 20
46.75341184434354
 10
124.09853331182158
 20
46.75341184434354
 10
120.40349158900798
 20
40.35341184434354
  0
LWPOLYLINE
  5
33
330
17
100
AcDbEntity
  8
CUT
100
AcDbPolyline
 90
6
 70
1
 10
104.64182924013119
 20
33.95341184434354
 10
108.3368709629448
 20
40.35341184434354
 10
104.64182924013119
 20
46.75341184434354
 10
97.25174579450399
 20
46.75341184434354
 10
93.55670407169038
 20
40.35341184434354
 10
97.25174579450399
 20
33.95341184434354
  0
LWPOLYLINE
  5
34
330
17
100
AcDbEntity
  8
CUT
100
AcDbPolyline
 90
6
 70
1
 10
70.40495827718638
 20
33.95341184434354
 10
77.7950417228136
 20
33.95341184434354
 10
81.4900834456272
 20
40.35341184434354
 10
77.7950417228136
 20
46.75341184434354
 10
70.4049582771864
 20
46.75341184434354
 10
66.70991655437278
 20
40.35341184434354
  0
LWPOLYLINE
  5
35
330
17
100
AcDbEntity
  8
CUT
100
AcDbPolyline
 90
6
 70
1
 10
43.55817075986877
 20
33.95341184434354
 10
50.948254205495985
 20
33.95341184434354
 10
54.6432959283096
 20
40.35341184434354
 10
50.948254205495985
 20
46.75341184434354
 10
43.55817075986879
 20
46.75341184434354
 10
39.863129037055174
 20
40.35341184434354
  0
LWPOLYLINE
  5
36
330
17
100
AcDbEntity
  8
CUT
100
AcDbPolyline
 90
6
 70
1
 10
110.67513955316278
 20
26.20341184434354
 10
118.06522299878999
 20
26.20341184434354
 10
121.7602647216036
 20
32.60341184434354
 10
118.06522299879
 20
39.00341184434354
 10
110.67513955316278
 20
39.00341184434354
 10
106.98009783034918
 20
32.60341184434354
  0
LWPOLYLINE
  5
37
330
17
100
AcDbEntity
  8
CUT
100
AcDbPolyline
 90
6
 70
1
 10
83.82835203584519
 20
26.20341184434354
 10
91.2184354814724
 20
26.20341184434354
 10
94.91347720428601
 20
32.60341184434354
 10
91.2184354814724
 20
39.00341184434354
 10
83.82835203584519
 20
39.00341184434354
 10
80.13331031303159
 20
32.60341184434354
  0
LWPOLYLINE
  5
38
330
17
100
AcDbEntity
  8
CUT
100
AcDbPolyline
 90
6
 70
1
 10
64.3716479641548
 20
26.20341184434354
 10
68.06668968696842
 20
32.60341184434354
 10
64.3716479641548
 20
39.00341184434354
 10
56.981564518527605
 20
39.00341184434354
 10
53.28652279571399
 20
32.60341184434354
 10
56.98156451852759
 20
26.20341184434354
  0
LWPOLYLINE
  5
39
330
17
100
AcDbEntity
  8
CUT
100
AcDbPolyline
 90
6
 70
1
 10
37.524860446837195
 20
26.20341184434354
 10
41.21990216965081
 20
32.60341184434354
 10
37.524860446837195
 20
39.00341184434354
 10
30.134777001209997
 20
39.00341184434354
 10
26.439735278396384
 20
32.60341184434354
 10
30.134777001209983
 20
26.20341184434354
  0
LWPOLYLINE
  5
3A
330
17
100
AcDbEntity
  8
CUT
100
AcDbPolyline
 90
6
 70
1
 10
131.4886167574488
 20
18.45341184434354
 10
135.1836584802624
 20
24.85341184434354
 10
131.4886167574488
 20
31.25341184434354
 10
124.09853331182158
 20
31.25341184434354
 10
120.40349158900798
 20
24.85341184434354
 10
124.09853331182158
 20
18.45341184434354
  0
LWPOLYLINE
  5
3B
330
17
100
AcDbEntity
  8
CUT
100
AcDbPolyline
 90
6
 70
1
 10
97.25174579450399
 20
18.45341184434354
 10
104.64182924013119
 20
18.45341184434354
 10
108.3368709629448
 20
24.85341184434354
 10
104.64182924013119
 20
31.25341184434354
 10
97.25174579450399
 20
31.25341184434354
 10
93.55670407169038
 20
24.85341184434354
  0
LWPOLYLINE
  5
3C
330
17
100
AcDbEntity
  8
CUT
100
AcDbPolyline
 90
6
 70
1
 10
43.55817075986877
 20
18.45341184434354
 10
50.948254205495985
 20
18.45341184434354
 10
54.643295928309584
 20
24.85341184434354
 10
50.948254205495985
 20
31.25341184434354
 10
43.55817075986879
 20
31.25341184434354
 10
39.86312903705519
 20
24.85341184434354
  0
LWPOLYLINE
  5
3D
330
17
100
AcDbEntity
  8
CUT
100
AcDbPolyline
 90
6
 70
1
 10
16.711383242551193
 20
18.45341184434354
 10
24.101466688178405
 20
18.45341184434354
 10
27.796508410992004
 20
24.85341184434354
 10
24.101466688178405
 20
31.25341184434354
 10
16.711383242551193
 20
31.25341184434354
 10
13.016341519737608
 20
24.85341184434354
  0
LWPOLYLINE
  5
3E
330
17
100
AcDbEntity
  8
CUT
100
AcDbPolyline
 90
6
 70
1
 10
70.40495827718638
 20
18.45341184434354
 10
77.7950417228136
 20
18.45341184434354
 10
81.49008344562719
 20
24.85341184434354
 10
77.7950417228136
 20
31.25341184434354
 10
70.4049582771864
 20
31.25341184434354
 10
66.7099165543728
 20
24.85341184434354
  0
LWPOLYLINE
  5
3F
330
17
100
AcDbEntity
  8
CUT
100
AcDbPolyline
 90
6
 70
1
 10
118.06522299878999
 20
10.703411844343538
 10
121.7602647216036
 20
17.10341184434354
 10
118.06522299878999
 20
23.50341184434354
 10
110.67513955316278
 20
23.50341184434354
 10
106.98009783034918
 20
17.10341184434354
 10
110.67513955316278
 20
10.703411844343538
  0
LWPOLYLINE
  5
40
330
17
100
AcDbEntity
  8
CUT
100
AcDbPolyline
 90
6
 70
1
 10
91.2184354814724
 20
10.703411844343538
 10
94.91347720428601
 20
17.10341184434354
 10
91.2184354814724
 20
23.50341184434354
 10
83.82835203584519
 20
23.50341184434354
 10
80.1333103130316
 20
17.10341184434354
 10
83.8283520358452
 20
10.703411844343538
  0
LWPOLYLINE
  5
41
330
17
100
AcDbEntity
  8
CUT
100
AcDbPolyline
 90
6
 70
1
 10
64.37164796415479
 20
10.703411844343538
 10
68.0666896869684
 20
17.10341184434354
 10
64.3716479641548
 20
23.50341184434354
 10
56.981564518527605
 20
23.50341184434354
 10
53.286522795714006
 20
17.10341184434354
 10
56.981564518527605
 20
10.703411844343538
  0
LWPOLYLINE
  5
42
330
17
100
AcDbEntity
  8
CUT
100
AcDbPolyline
 90
6
 70
1
 10
30.134777001209997
 20
10.703411844343538
 10
37.52486044683718
 20
10.703411844343538
 10
41.219902169650794
 20
17.10341184434354
 10
37.524860446837195
 20
23.50341184434354
 10
30.134777001209997
 20
23.50341184434354
 10
26.439735278396398
 20
17.10341184434354
  0
LWPOLYLINE
  5
43
330
17
100
AcDbEntity
  8
CUT
100
AcDbPolyline
 90
6
 70
1
 10
24.101466688178405
 20
2.953411844343538
 10
27.796508410992004
 20
9.353411844343537
 10
24.10146668817839
 20
15.753411844343539
 10
16.711383242551193
 20
15.753411844343539
 10
13.016341519737608
 20
9.353411844343539
 10
16.711383242551193
 20
2.95341184434354
  0
LWPOLYLINE
  5
44
330
17
100
AcDbEntity
  8
CUT
100
AcDbPolyline
 90
6
 70
1
 10
97.25174579450399
 20
2.95341184434354
 10
104.64182924013119
 20
2.953411844343538
 10
108.3368709629448
 20
9.353411844343537
 10
104.64182924013119
 20
15.753411844343539
 10
97.25174579450399
 20
15.753411844343539
 10
93.55670407169038
 20
9.353411844343539
  0
LWPOLYLINE
  5
45
330
17
100
AcDbEntity
  8
CUT
100
AcDbPolyline
 90
6
 70
1
 10
70.40495827718638
 20
2.95341184434354
 10
77.7950417228136
 20
2.953411844343538
 10
81.49008344562719
 20
9.353411844343537
 10
77.79504172281358
 20
15.753411844343539
 10
70.40495827718641
 20
15.753411844343539
 10
66.7099165543728
 20
9.353411844343539
  0
LWPOLYLINE
  5
46
330
17
100
AcDbEntity
  8
CUT
100
AcDbPolyline
 90
6
 70
1
 10
43.55817075986877
 20
2.95341184434354
 10
50.948254205495985
 20
2.953411844343538
 10
54.643295928309584
 20
9.353411844343537
 10
50.94825420549597
 20
15.753411844343539
 10
43.5581707598688
 20
15.753411844343539
 10
39.86312903705519
 20
9.353411844343539
  0
LWPOLYLINE
  5
47
330
17
100
AcDbEntity
  8
CUT
100
AcDbPolyline
 90
6
 70
1
 10
131.4886167574488
 20
2.953411844343538
 10
135.1836584802624
 20
9.353411844343537
 10
131.4886167574488
 20
15.753411844343539
 10
124.09853331182158
 20
15.753411844343539
 10
120.40349158900798
 20
9.353411844343539
 10
124.09853331182158
 20
2.95341184434354
  0
LWPOLYLINE
  5
48
330
17
100
AcDbEntity
  8
CUT
100
AcDbPolyline
 90
4
 70
1
 10
297.4
 20
0.0
 10
149.19999999999996
 20
0.0
 10
149.19999999999996
 20
49.70682368868708
 10
297.4
 20
49.70682368868708
  0
LWPOLYLINE
  5
49
330
17
100
AcDbEntity
  8
CUT
100
AcDbPolyline
 90
6
 70
1
 10
165.91138324255115
 20
33.95341184434354
 10
173.30146668817838
 20
33.95341184434354
 10
176.99650841099196
 20
40.35341184434354
 10
173.30146668817838
 20
46.75341184434354
 10
165.91138324255115
 20
46.75341184434354
 10
162.21634151973757
 20
40.35341184434354
  0
LWPOLYLINE
  5
4A
330
17
100
AcDbEntity
  8
CUT
100
AcDbPolyline
 90
6
 70
1
 10
273.29853331182153
 20
33.95341184434354
 10
280.68861675744876
 20
33.95341184434354
 10
284.38365848026234
 20
40.35341184434354
 10
280.68861675744876
 20
46.75341184434354
 10
273.29853331182153
 20
46.75341184434354
 10
269.60349158900794
 20
40.35341184434354
  0
LWPOLYLINE
  5
4B
330
17
100
AcDbEntity
  8
CUT
100
AcDbPolyline
 90
6
 70
1
 10
253.84182924013115
 20
33.95341184434354
 10
257.53687096294476
 20
40.35341184434354
 10
253.84182924013115
 20
46.75341184434354
 10
246.45174579450395
 20
46.75341184434354
 10
242.75670407169034
 20
40.35341184434354
 10
246.45174579450395
 20
33.95341184434354
  0
LWPOLYLINE
  5
4C
330
17
100
AcDbEntity
  8
CUT
100
AcDbPolyline
 90
6
 70
1
 10
219.60495827718634
 20
33.95341184434354
 10
226.99504172281354
 20
33.95341184434354
 10
230.69008344562718
 20
40.35341184434354
 10
226.99504172281354
 20
46.75341184434354
 10
219.60495827718637
 20
46.75341184434354
 10
215.90991655437273
 20
40.35341184434354
  0
LWPOLYLINE
  5
4D
330
17
100
AcDbEntity
  8
CUT
100
AcDbPolyline
 90
6
 70
1
 10
192.75817075986873
 20
33.95341184434354
 10
200.14825420549596
 20
33.95341184434354
 10
203.84329592830954
 20
40.35341184434354
 10
200.14825420549596
 20
46.75341184434354
 10
192.75817075986873
 20
46.75341184434354
 10
189.06312903705515
 20
40.35341184434354
  0
LWPOLYLINE
  5
4E
330
17
100
AcDbEntity
  8
CUT
100
AcDbPolyline
 90
6
 70
1
 10
259.87513955316274
 20
26.20341184434354
 10
267.26522299878997
 20
26.20341184434354
 10
270.96026472160355
 20
32.60341184434354
 10
267.26522299878997
 20
39.00341184434354
 10
259.87513955316274
 20
39.00341184434354
 10
256.18009783034915
 20
32.60341184434354
  0
LWPOLYLINE
  5
4F
330
17
100
AcDbEntity
  8
CUT
100
AcDbPolyline
 90
6
 70
1
 10
233.02835203584516
 20
26.20341184434354
 10
240.41843548147236
 20
26.20341184434354
 10
244.11347720428597
 20
32.60341184434354
 10
240.41843548147236
 20
39.00341184434354
 10
233.02835203584516
 20
39.00341184434354
 10
229.33331031303155
 20
32.60341184434354
  0
LWPOLYLINE
  5
50
330
17
100
AcDbEntity
  8
CUT
100
AcDbPolyline
 90
6
 70
1
 10
213.57164796415475
 20
26.20341184434354
 10
217.2666896869684
 20
32.60341184434354
 10
213.57164796415475
 20
39.00341184434354
 10
206.18156451852758
 20
39.00341184434354
 10
202.48652279571394
 20
32.60341184434354
 10
206.18156451852755
 20
26.20341184434354
  0
LWPOLYLINE
  5
51
330
17
100
AcDbEntity
  8
CUT
100
AcDbPolyline
 90
6
 70
1
 10
186.72486044683717
 20
26.20341184434354
 10
190.41990216965075
 20
32.60341184434354
 10
186.72486044683717
 20
39.00341184434354
 10
179.33477700120994
 20
39.00341184434354
 10
175.63973527839636
 20
32.60341184434354
 10
179.33477700120994
 20
26.20341184434354
  0
LWPOLYLINE
  5
52
330
17
100
AcDbEntity
  8
CUT
100
AcDbPolyline
 90
6
 70
1
 10
280.68861675744876
 20
18.45341184434354
 10
284.38365848026234
 20
24.85341184434354
 10
280.68861675744876
 20
31.25341184434354
 10
273.29853331182153
 20
31.25341184434354
 10
269.60349158900794
 20
24.85341184434354
 10
273.29853331182153
 20
18.45341184434354
  0
LWPOLYLINE
  5
53
330
17
100
AcDbEntity
  8
CUT
100
AcDbPolyline
 90
6
 70
1
 10
246.45174579450395
 20
18.45341184434354
 10
253.84182924013115
 20
18.45341184434354
 10
257.53687096294476
 20
24.85341184434354
 10
253.84182924013115
 20
31.25341184434354
 10
246.45174579450395
 20
31.25341184434354
 10
242.75670407169034
 20
24.85341184434354
  0
LWPOLYLINE
  5
54
330
17
100
AcDbEntity
  8
CUT
100
AcDbPolyline
 90
6
 70
1
 10
192.75817075986873
 20
18.45341184434354
 10
200.14825420549596
 20
18.45341184434354
 10
203.84329592830954
 20
24.85341184434354
 10
200.14825420549596
 20
31.25341184434354
 10
192.75817075986873
 20
31.25341184434354
 10
189.06312903705515
 20
24.85341184434354
  0
LWPOLYLINE
  5
55
330
17
100
AcDbEntity
  8
CUT
100
AcDbPolyline
 90
6
 70
1
 10
165.91138324255115
 20
18.45341184434354
 10
173.30146668817838
 20
18.45341184434354
 10
176.99650841099196
 20
24.85341184434354
 10
173.30146668817838
 20
31.25341184434354
 10
165.91138324255115
 20
31.25341184434354
 10
162.21634151973757
 20
24.85341184434354
  0
LWPOLYLINE
  5
56
330
17
100
AcDbEntity
  8
CUT
100
AcDbPolyline
 90
6
 70
1
 10
219.60495827718634
 20
18.45341184434354
 10
226.99504172281354
 20
18.45341184434354
 10
230.69008344562715
 20
24.85341184434354
 10
226.99504172281354
 20
31.25341184434354
 10
219.60495827718637
 20
31.25341184434354
 10
215.90991655437276
 20
24.85341184434354
  0
LWPOLYLINE
  5
57
330
17
100
AcDbEntity
  8
CUT
100
AcDbPolyline
 90
6
 70
1
 10
267.26522299878997
 20
10.703411844343538
 10
270.96026472160355
 20
17.10341184434354
 10
267.26522299878997
 20
23.50341184434354
 10
259.87513955316274
 20
23.50341184434354
 10
256.18009783034915
 20
17.10341184434354
 10
259.87513955316274
 20
10.703411844343538
  0
LWPOLYLINE
  5
58
330
17
100
AcDbEntity
  8
CUT
100
AcDbPolyline
 90
6
 70
1
 10
240.41843548147236
 20
10.703411844343538
 10
244.11347720428597
 20
17.10341184434354
 10
240.41843548147236
 20
23.50341184434354
 10
233.02835203584516
 20
23.50341184434354
 10
229.33331031303157
 20
17.10341184434354
 10
233.02835203584516
 20
10.703411844343538
  0
LWPOLYLINE
  5
59
330
17
100
AcDbEntity
  8
CUT
100
AcDbPolyline
 90
6
 70
1
 10
213.57164796415475
 20
10.703411844343538
 10
217.26668968696836
 20
17.10341184434354
 10
213.57164796415475
 20
23.50341184434354
 10
206.18156451852758
 20
23.50341184434354
 10
202.48652279571397
 20
17.10341184434354
 10
206.18156451852758
 20
10.703411844343538
  0
LWPOLYLINE
  5
5A
330
17
100
AcDbEntity
  8
CUT
100
AcDbPolyline
 90
6
 70
1
 10
179.33477700120994
 20
10.703411844343538
 10
186.72486044683714
 20
10.703411844343538
 10
190.41990216965075
 20
17.10341184434354
 10
186.72486044683717
 20
23.50341184434354
 10
179.33477700120994
 20
23.50341184434354
 10
175.63973527839636
 20
17.10341184434354
  0
LWPOLYLINE
  5
5B
330
17
100
AcDbEntity
  8
CUT
100
AcDbPolyline
 90
6
 70
1
 10
173.30146668817838
 20
2.953411844343538
 10
176.99650841099196
 20
9.353411844343537
 10
173.30146668817835
 20
15.753411844343539
 10
165.91138324255115
 20
15.753411844343539
 10
162.21634151973757
 20
9.353411844343539
 10
165.91138324255115
 20
2.95341184434354
  0
LWPOLYLINE
  5
5C
330
17
100
AcDbEntity
  8
CUT
100
AcDbPolyline
 90
6
 70
1
 10
246.45174579450395
 20
2.95341184434354
 10
253.84182924013115
 20
2.953411844343538
 10
257.53687096294476
 20
9.353411844343537
 10
253.84182924013115
 20
15.753411844343539
 10
246.45174579450395
 20
15.753411844343539
 10
242.75670407169034
 20
9.353411844343539
  0
LWPOLYLINE
  5
5D
330
17
100
AcDbEntity
  8
CUT
100
AcDbPolyline
 90
6
 70
1
 10
219.60495827718634
 20
2.95341184434354
 10
226.99504172281354
 20
2.953411844343538
 10
230.69008344562715
 20
9.353411844343537
 10
226.99504172281354
 20
15.753411844343539
 10
219.60495827718637
 20
15.753411844343539
 10
215.90991655437276
 20
9.353411844343539
  0
LWPOLYLINE
  5
5E
330
17
100
AcDbEntity
  8
CUT
100
AcDbPolyline
 90
6
 70
1
 10
192.75817075986873
 20
2.95341184434354
 10
200.14825420549596
 20
2.953411844343538
 10
203.84329592830954
 20
9.353411844343537
 10
200.14825420549593
 20
15.753411844343539
 10
192.75817075986876
 20
15.753411844343539
 10
189.06312903705515
 20
9.353411844343539
  0
LWPOLYLINE
  5
5F
330
17
100
AcDbEntity
  8
CUT
100
AcDbPolyline
 90
6
 70
1
 10
280.68861675744876
 20
2.953411844343538
 10
284.38365848026234
 20
9.353411844343537
 10
280.68861675744876
 20
15.753411844343539
 10
273.29853331182153
 20
15.753411844343539
 10
269.60349158900794
 20
9.353411844343539
 10
273.29853331182153
 20
2.95341184434354
  0
LWPOLYLINE
  5
60
330
17
100
AcDbEntity
  8
CUT
100
AcDbPolyline
 90
4
 70
1
 10
446.6
 20
0.0
 10
298.4
 20
0.0
 10
298.4
 20
49.70682368868708
 10
446.6
 20
49.70682368868708
  0
LWPOLYLINE
  5
61
330
17
100
AcDbEntity
  8
CUT
100
AcDbPolyline
 90
6
 70
1
 10
315.1113832425512
 20
33.95341184434354
 10
322.5014666881784
 20
33.95341184434354
 10
326.196508410992
 20
40.35341184434354
 10
322.5014666881784
 20
46.75341184434354
 10
315.1113832425512
 20
46.75341184434354
 10
311.4163415197376
 20
40.35341184434354
  0
LWPOLYLINE
  5
62
330
17
100
AcDbEntity
  8
CUT
100
AcDbPolyline
 90
6
 70
1
 10
422.4985333118216
 20
33.95341184434354
 10
429.8886167574488
 20
33.95341184434354
 10
433.5836584802624
 20
40.35341184434354
 10
429.8886167574488
 20
46.75341184434354
 10
422.4985333118216
 20
46.75341184434354
 10
418.803491589008
 20
40.35341184434354
  0
LWPOLYLINE
  5
63
330
17
100
AcDbEntity
  8
CUT
100
AcDbPolyline
 90
6
 70
1
 10
403.0418292401312
 20
33.95341184434354
 10
406.7368709629448
 20
40.35341184434354
 10
403.04182924013116
 20
46.75341184434354
 10
395.651745794504
 20
46.75341184434354
 10
391.9567040716904
 20
40.35341184434354
 10
395.651745794504
 20
33.95341184434354
  0
LWPOLYLINE
  5
64
330
17
100
AcDbEntity
  8
CUT
100
AcDbPolyline
 90
6
 70
1
 10
368.8049582771864
 20
33.95341184434354
 10
376.1950417228136
 20
33.95341184434354
 10
379.8900834456272
 20
40.35341184434354
 10
376.1950417228136
 20
46.75341184434354
 10
368.8049582771864
 20
46.75341184434354
 10
365.1099165543728
 20
40.35341184434354
  0
LWPOLYLINE
  5
65
330
17
100
AcDbEntity
  8
CUT
100
AcDbPolyline
 90
6
 70
1
 10
341.9581707598688
 20
33.95341184434354
 10
349.348254205496
 20
33.95341184434354
 10
353.0432959283096
 20
40.35341184434354
 10
349.348254205496
 20
46.75341184434354
 10
341.9581707598688
 20
46.75341184434354
 10
338.2631290370552
 20
40.35341184434354
  0
LWPOLYLINE
  5
66
330
17
100
AcDbEntity
  8
CUT
100
AcDbPolyline
 90
6
 70
1
 10
409.0751395531628
 20
26.20341184434354
 10
416.46522299879
 20
26.20341184434354
 10
420.1602647216036
 20
32.60341184434354
 10
416.46522299879
 20
39.00341184434354
 10
409.0751395531628
 20
39.00341184434354
 10
405.3800978303492
 20
32.60341184434354
  0
LWPOLYLINE
  5
67
330
17
100
AcDbEntity
  8
CUT
100
AcDbPolyline
 90
6
 70
1
 10
382.2283520358452
 20
26.20341184434354
 10
389.6184354814724
 20
26.20341184434354
 10
393.313477204286
 20
32.60341184434354
 10
389.6184354814724
 20
39.00341184434354
 10
382.2283520358452
 20
39.00341184434354
 10
378.5333103130316
 20
32.60341184434354
  0
LWPOLYLINE
  5
68
330
17
100
AcDbEntity
  8
CUT
100
AcDbPolyline
 90
6
 70
1
 10
362.7716479641548
 20
26.20341184434354
 10
366.46668968696844
 20
32.60341184434354
 10
362.7716479641548
 20
39.00341184434354
 10
355.3815645185276
 20
39.00341184434354
 10
351.686522795714
 20
32.60341184434354
 10
355.3815645185276
 20
26.20341184434354
  0
LWPOLYLINE
  5
69
330
17
100
AcDbEntity
  8
CUT
100
AcDbPolyline
 90
6
 70
1
 10
335.9248604468372
 20
26.20341184434354
 10
339.6199021696508
 20
32.60341184434354
 10
335.9248604468372
 20
39.00341184434354
 10
328.53477700121
 20
39.00341184434354
 10
324.8397352783964
 20
32.60341184434354
 10
328.53477700121
 20
26.20341184434354
  0
LWPOLYLINE
  5
6A
330
17
100
AcDbEntity
  8
CUT
100
AcDbPolyline
 90
6
 70
1
 10
429.8886167574488
 20
18.45341184434354
 10
433.5836584802624
 20
24.85341184434354
 10
429.8886167574488
 20
31.25341184434354
 10
422.4985333118216
 20
31.25341184434354
 10
418.803491589008
 20
24.85341184434354
 10
422.4985333118216
 20
18.45341184434354
  0
LWPOLYLINE
  5
6B
330
17
100
AcDbEntity
  8
CUT
100
AcDbPolyline
 90
6
 70
1
 10
395.651745794504
 20
18.45341184434354
 10
403.0418292401312
 20
18.45341184434354
 10
406.7368709629448
 20
24.85341184434354
 10
403.04182924013116
 20
31.25341184434354
 10
395.651745794504
 20
31.25341184434354
 10
391.9567040716904
 20
24.85341184434354
  0
LWPOLYLINE
  5
6C
330
17
100
AcDbEntity
  8
CUT
100
AcDbPolyline
 90
6
 70
1
 10
341.9581707598688
 20
18.45341184434354
 10
349.348254205496
 20
18.45341184434354
 10
353.0432959283096
 20
24.85341184434354
 10
349.348254205496
 20
31.25341184434354
 10
341.9581707598688
 20
31.25341184434354
 10
338.2631290370552
 20
24.85341184434354
  0
LWPOLYLINE
  5
6D
330
17
100
AcDbEntity
  8
CUT
100
AcDbPolyline
 90
6
 70
1
 10
315.1113832425512
 20
18.45341184434354
 10
322.5014666881784
 20
18.45341184434354
 10
326.196508410992
 20
24.85341184434354
 10
322.5014666881784
 20
31.25341184434354
 10
315.1113832425512
 20
31.25341184434354
 10
311.4163415197376
 20
24.85341184434354
  0
LWPOLYLINE
  5
6E
330
17
100
AcDbEntity
  8
CUT
100
AcDbPolyline
 90
6
 70
1
 10
368.8049582771864
 20
18.45341184434354
 10
376.1950417228136
 20
18.45341184434354
 10
379.89008344562717
 20
24.85341184434354
 10
376.1950417228136
 20
31.25341184434354
 10
368.8049582771864
 20
31.25341184434354
 10
365.10991655437283
 20
24.85341184434354
  0
LWPOLYLINE
  5
6F
330
17
100
AcDbEntity
  8
CUT
100
AcDbPolyline
 90
6
 70
1
 10
416.46522299879
 20
10.703411844343538
 10
420.1602647216036
 20
17.10341184434354
 10
416.46522299879
 20
23.50341184434354
 10
409.0751395531628
 20
23.50341184434354
 10
405.3800978303492
 20
17.10341184434354
 10
409.0751395531628
 20
10.703411844343538
  0
LWPOLYLINE
  5
70
330
17
100
AcDbEntity
  8
CUT
100
AcDbPolyline
 90
6
 70
1
 10
389.6184354814724
 20
10.703411844343538
 10
393.313477204286
 20
17.10341184434354
 10
389.6184354814724
 20
23.50341184434354
 10
382.2283520358452
 20
23.50341184434354
 10
378.5333103130316
 20
17.10341184434354
 10
382.2283520358452
 20
10.703411844343538
  0
LWPOLYLINE
  5
71
330
17
100
AcDbEntity
  8
CUT
100
AcDbPolyline
 90
6
 70
1
 10
362.7716479641548
 20
10.703411844343538
 10
366.4666896869684
 20
17.10341184434354
 10
362.7716479641548
 20
23.50341184434354
 10
355.3815645185276
 20
23.50341184434354
 10
351.68652279571404
 20
17.10341184434354
 10
355.3815645185276
 20
10.703411844343538
  0
LWPOLYLINE
  5
72
330
17
100
AcDbEntity
  8
CUT
100
AcDbPolyline
 90
6
 70
1
 10
328.53477700121
 20
10.703411844343538
 10
335.9248604468372
 20
10.703411844343538
 10
339.6199021696508
 20
17.10341184434354
 10
335.9248604468372
 20
23.50341184434354
 10
328.53477700121
 20
23.50341184434354
 10
324.8397352783964
 20
17.10341184434354
  0
LWPOLYLINE
  5
73
330
17
100
AcDbEntity
  8
CUT
100
AcDbPolyline
 90
6
 70
1
 10
322.5014666881784
 20
2.953411844343538
 10
326.196508410992
 20
9.353411844343537
 10
322.5014666881784
 20
15.753411844343539
 10
315.1113832425512
 20
15.753411844343539
 10
311.4163415197376
 20
9.353411844343539
 10
315.1113832425512
 20
2.95341184434354
  0
LWPOLYLINE
  5
74
330
17
100
AcDbEntity
  8
CUT
100
AcDbPolyline
 90
6
 70
1
 10
395.651745794504
 20
2.95341184434354
 10
403.0418292401312
 20
2.953411844343538
 10
406.7368709629448
 20
9.353411844343537
 10
403.04182924013116
 20
15.753411844343539
 10
395.651745794504
 20
15.753411844343539
 10
391.9567040716904
 20
9.353411844343539
  0
LWPOLYLINE
  5
75
330
17
100
AcDbEntity
  8
CUT
100
AcDbPolyline
 90
6
 70
1
 10
368.8049582771864
 20
2.95341184434354
 10
376.1950417228136
 20
2.953411844343538
 10
379.89008344562717
 20
9.353411844343537
 10
376.1950417228136
 20
15.753411844343539
 10
368.8049582771864
 20
15.753411844343539
 10
365.10991655437283
 20
9.353411844343539
  0
LWPOLYLINE
  5
76
330
17
100
AcDbEntity
  8
CUT
100
AcDbPolyline
 90
6
 70
1
 10
341.9581707598688
 20
2.95341184434354
 10
349.348254205496
 20
2.953411844343538
 10
353.0432959283096
 20
9.353411844343537
 10
349.348254205496
 20
15.753411844343539
 10
341.95817075986884
 20
15.753411844343539
 10
338.2631290370552
 20
9.353411844343539
  0
LWPOLYLINE
  5
77
330
17
100
AcDbEntity
  8
CUT
100
AcDbPolyline
 90
6
 70
1
 10
429.8886167574488
 20
2.953411844343538
 10
433.5836584802624
 20
9.353411844343537
 10
429.8886167574488
 20
15.753411844343539
 10
422.4985333118216
 20
15.753411844343539
 10
418.803491589008
 20
9.353411844343539
 10
422.4985333118216
 20
2.95341184434354
  0
LWPOLYLINE
  5
78
330
17
100
AcDbEntity
  8
CUT
100
AcDbPolyline
 90
4
 70
1
 10
595.8
 20
0.0
 10
447.5999999999999
 20
0.0
 10
447.5999999999999
 20
49.70682368868708
 10
595.8
 20
49.70682368868708
  0
LWPOLYLINE
  5
79
330
17
100
AcDbEntity
  8
CUT
100
AcDbPolyline
 90
6
 70
1
 10
464.31138324255113
 20
33.95341184434354
 10
471.70146668817836
 20
33.95341184434354
 10
475.39650841099194
 20
40.35341184434354
 10
471.70146668817836
 20
46.75341184434354
 10
464.31138324255113
 20
46.75341184434354
 10
460.61634151973755
 20
40.35341184434354
  0
LWPOLYLINE
  5
7A
330
17
100
AcDbEntity
  8
CUT
100
AcDbPolyline
 90
6
 70
1
 10
571.6985333118215
 20
33.95341184434354
 10
579.0886167574488
 20
33.95341184434354
 10
582.7836584802624
 20
40.35341184434354
 10
579.0886167574488
 20
46.75341184434354
 10
571.6985333118215
 20
46.75341184434354
 10
568.0034915890079
 20
40.35341184434354
  0
LWPOLYLINE
  5
7B
330
17
100
AcDbEntity
  8
CUT
100
AcDbPolyline
 90
6
 70
1
 10
552.2418292401311
 20
33.95341184434354
 10
555.9368709629448
 20
40.35341184434354
 10
552.2418292401311
 20
46.75341184434354
 10
544.8517457945039
 20
46.75341184434354
 10
541.1567040716903
 20
40.35341184434354
 10
544.8517457945039
 20
33.95341184434354
  0
LWPOLYLINE
  5
7C
330
17
100
AcDbEntity
  8
CUT
100
AcDbPolyline
 90
6
 70
1
 10
518.0049582771863
 20
33.95341184434354
 10
525.3950417228135
 20
33.95341184434354
 10
529.0900834456271
 20
40.35341184434354
 10
525.3950417228135
 20
46.75341184434354
 10
518.0049582771863
 20
46.75341184434354
 10
514.3099165543728
 20
40.35341184434354
  0
LWPOLYLINE
  5
7D
330
17
100
AcDbEntity
  8
CUT
100
AcDbPolyline
 90
6
 70
1
 10
491.1581707598687
 20
33.95341184434354
 10
498.54825420549594
 20
33.95341184434354
 10
502.2432959283095
 20
40.35341184434354
 10
498.54825420549594
 20
46.75341184434354
 10
491.1581707598687
 20
46.75341184434354
 10
487.4631290370551
 20
40.35341184434354
  0
LWPOLYLINE
  5
7E
330
17
100
AcDbEntity
  8
CUT
100
AcDbPolyline
 90
6
 70
1
 10
558.2751395531627
 20
26.20341184434354
 10
565.6652229987899
 20
26.20341184434354
 10
569.3602647216036
 20
32.60341184434354
 10
565.6652229987899
 20
39.00341184434354
 10
558.2751395531627
 20
39.00341184434354
 10
554.5800978303491
 20
32.60341184434354
  0
LWPOLYLINE
  5
7F
330
17
100
AcDbEntity
  8
CUT
100
AcDbPolyline
 90
6
 70
1
 10
531.4283520358451
 20
26.20341184434354
 10
538.8184354814723
 20
26.20341184434354
 10
542.5134772042859
 20
32.60341184434354
 10
538.8184354814723
 20
39.00341184434354
 10
531.4283520358451
 20
39.00341184434354
 10
527.7333103130316
 20
32.60341184434354
  0
LWPOLYLINE
  5
80
330
17
100
AcDbEntity
  8
CUT
100
AcDbPolyline
 90
6
 70
1
 10
511.9716479641547
 20
26.20341184434354
 10
515.6666896869683
 20
32.60341184434354
 10
511.9716479641547
 20
39.00341184434354
 10
504.58156451852756
 20
39.00341184434354
 10
500.8865227957139
 20
32.60341184434354
 10
504.58156451852756
 20
26.20341184434354
  0
LWPOLYLINE
  5
81
330
17
100
AcDbEntity
  8
CUT
100
AcDbPolyline
 90
6
 70
1
 10
485.12486044683715
 20
26.20341184434354
 10
488.81990216965073
 20
32.60341184434354
 10
485.12486044683715
 20
39.00341184434354
 10
477.7347770012099
 20
39.00341184434354
 10
474.03973527839634
 20
32.60341184434354
 10
477.7347770012099
 20
26.20341184434354
  0
LWPOLYLINE
  5
82
330
17
100
AcDbEntity
  8
CUT
100
AcDbPolyline
 90
6
 70
1
 10
579.0886167574487
 20
18.45341184434354
 10
582.7836584802624
 20
24.85341184434354
 10
579.0886167574487
 20
31.25341184434354
 10
571.6985333118215
 20
31.25341184434354
 10
568.0034915890079
 20
24.85341184434354
 10
571.6985333118215
 20
18.45341184434354
  0
LWPOLYLINE
  5
83
330
17
100
AcDbEntity
  8
CUT
100
AcDbPolyline
 90
6
 70
1
 10
544.8517457945039
 20
18.45341184434354
 10
552.2418292401311
 20
18.45341184434354
 10
555.9368709629448
 20
24.85341184434354
 10
552.2418292401311
 20
31.25341184434354
 10
544.8517457945039
 20
31.25341184434354
 10
541.1567040716903
 20
24.85341184434354
  0
LWPOLYLINE
  5
84
330
17
100
AcDbEntity
  8
CUT
100
AcDbPolyline
 90
6
 70
1
 10
491.1581707598687
 20
18.45341184434354
 10
498.54825420549594
 20
18.45341184434354
 10
502.2432959283095
 20
24.85341184434354
 10
498.54825420549594
 20
31.25341184434354
 10
491.1581707598687
 20
31.25341184434354
 10
487.4631290370551
 20
24.85341184434354
  0
LWPOLYLINE
  5
85
330
17
100
AcDbEntity
  8
CUT
100
AcDbPolyline
 90
6
 70
1
 10
464.31138324255113
 20
18.45341184434354
 10
471.70146668817836
 20
18.45341184434354
 10
475.39650841099194
 20
24.85341184434354
 10
471.70146668817836
 20
31.25341184434354
 10
464.31138324255113
 20
31.25341184434354
 10
460.61634151973755
 20
24.85341184434354
  0
LWPOLYLINE
  5
86
330
17
100
AcDbEntity
  8
CUT
100
AcDbPolyline
 90
6
 70
1
 10
518.0049582771863
 20
18.45341184434354
 10
525.3950417228135
 20
18.45341184434354
 10
529.0900834456271
 20
24.85341184434354
 10
525.3950417228135
 20
31.25341184434354
 10
518.0049582771863
 20
31.25341184434354
 10
514.3099165543728
 20
24.85341184434354
  0
LWPOLYLINE
  5
87
330
17
100
AcDbEntity
  8
CUT
100
AcDbPolyline
 90
6
 70
1
 10
565.6652229987899
 20
10.703411844343538
 10
569.3602647216036
 20
17.10341184434354
 10
565.6652229987899
 20
23.50341184434354
 10
558.2751395531627
 20
23.50341184434354
 10
554.5800978303491
 20
17.10341184434354
 10
558.2751395531627
 20
10.703411844343538
  0
LWPOLYLINE
  5
88
330
17
100
AcDbEntity
  8
CUT
100
AcDbPolyline
 90
6
 70
1
 10
538.8184354814723
 20
10.703411844343538
 10
542.5134772042859
 20
17.10341184434354
 10
538.8184354814723
 20
23.50341184434354
 10
531.4283520358451
 20
23.50341184434354
 10
527.7333103130316
 20
17.10341184434354
 10
531.4283520358451
 20
10.703411844343538
  0
LWPOLYLINE
  5
89
330
17
100
AcDbEntity
  8
CUT
100
AcDbPolyline
 90
6
 70
1
 10
511.9716479641547
 20
10.703411844343538
 10
515.6666896869683
 20
17.10341184434354
 10
511.9716479641547
 20
23.50341184434354
 10
504.58156451852756
 20
23.50341184434354
 10
500.886522795714
 20
17.10341184434354
 10
504.58156451852756
 20
10.703411844343538
  0
LWPOLYLINE
  5
8A
330
17
100
AcDbEntity
  8
CUT
100
AcDbPolyline
 90
6
 70
1
 10
477.7347770012099
 20
10.703411844343538
 10
485.12486044683715
 20
10.703411844343538
 10
488.81990216965073
 20
17.10341184434354
 10
485.12486044683715
 20
23.50341184434354
 10
477.7347770012099
 20
23.50341184434354
 10
474.03973527839634
 20
17.10341184434354
  0
LWPOLYLINE
  5
8B
330
17
100
AcDbEntity
  8
CUT
100
AcDbPolyline
 90
6
 70
1
 10
471.70146668817836
 20
2.953411844343538
 10
475.39650841099194
 20
9.353411844343537
 10
471.70146668817836
 20
15.753411844343539
 10
464.31138324255113
 20
15.753411844343539
 10
460.61634151973755
 20
9.353411844343539
 10
464.31138324255113
 20
2.95341184434354
  0
LWPOLYLINE
  5
8C
330
17
100
AcDbEntity
  8
CUT
100
AcDbPolyline
 90
6
 70
1
 10
544.8517457945039
 20
2.95341184434354
 10
552.2418292401311
 20
2.953411844343538
 10
555.9368709629448
 20
9.353411844343537
 10
552.2418292401311
 20
15.753411844343539
 10
544.8517457945039
 20
15.753411844343539
 10
541.1567040716903
 20
9.353411844343539
  0
LWPOLYLINE
  5
8D
330
17
100
AcDbEntity
  8
CUT
100
AcDbPolyline
 90
6
 70
1
 10
518.0049582771863
 20
2.95341184434354
 10
525.3950417228135
 20
2.953411844343538
 10
529.0900834456271
 20
9.353411844343537
 10
525.3950417228135
 20
15.753411844343539
 10
518.0049582771863
 20
15.753411844343539
 10
514.3099165543728
 20
9.353411844343539
  0
LWPOLYLINE
  5
8E
330
17
100
AcDbEntity
  8
CUT
100
AcDbPolyline
 90
6
 70
1
 10
491.1581707598687
 20
2.95341184434354
 10
498.54825420549594
 20
2.953411844343538
 10
502.2432959283095
 20
9.353411844343537
 10
498.54825420549594
 20
15.753411844343539
 10
491.15817075986877
 20
15.753411844343539
 10
487.4631290370551
 20
9.353411844343539
  0
LWPOLYLINE
  5
8F
330
17
100
AcDbEntity
  8
CUT
100
AcDbPolyline
 90
6
 70
1
 10
579.0886167574487
 20
2.953411844343538
 10
582.7836584802624
 20
9.353411844343537
 10
579.0886167574487
 20
15.753411844343539
 10
571.6985333118215
 20
15.753411844343539
 10
568.0034915890079
 20
9.353411844343539
 10
571.6985333118215
 20
2.95341184434354
  0
LWPOLYLINE
  5
90
330
17
100
AcDbEntity
  8
CUT
100
AcDbPolyline
 90
4
 70
1
 10
148.2
 20
50.70682368868708
 10
0.0
 20
50.70682368868708
 10
0.0
 20
100.41364737737416
 10
148.2
 20
100.41364737737416
  0
LWPOLYLINE
  5
91
330
17
100
AcDbEntity
  8
CUT
100
AcDbPolyline
 90
6
 70
1
 10
16.711383242551193
 20
84.66023553303063
 10
24.101466688178405
 20
84.66023553303063
 10
27.79650841099202
 20
91.06023553303062
 10
24.101466688178405
 20
97.46023553303061
 10
16.711383242551193
 20
97.46023553303061
 10
13.016341519737608
 20
91.06023553303062
  0
LWPOLYLINE
  5
92
330
17
100
AcDbEntity
  8
CUT
100
AcDbPolyline
 90
6
 70
1
 10
124.09853331182158
 20
84.66023553303063
 10
131.4886167574488
 20
84.66023553303063
 10
135.1836584802624
 20
91.06023553303062
 10
131.4886167574488
 20
97.46023553303061
 10
124.09853331182158
 20
97.46023553303061
 10
120.40349158900798
 20
91.06023553303062
  0
LWPOLYLINE
  5
93
330
17
100
AcDbEntity
  8
CUT
100
AcDbPolyline
 90
6
 70
1
 10
104.64182924013119
 20
84.66023553303063
 10
108.3368709629448
 20
91.06023553303062
 10
104.64182924013119
 20
97.46023553303061
 10
97.25174579450399
 20
97.46023553303061
 10
93.55670407169038
 20
91.06023553303062
 10
97.25174579450399
 20
84.66023553303063
  0
LWPOLYLINE
  5
94
330
17
100
AcDbEntity
  8
CUT
100
AcDbPolyline
 90
6
 70
1
 10
70.40495827718638
 20
84.66023553303063
 10
77.7950417228136
 20
84.66023553303063
 10
81.4900834456272
 20
91.06023553303062
 10
77.7950417228136
 20
97.46023553303061
 10
70.4049582771864
 20
97.46023553303061
 10
66.70991655437278
 20
91.06023553303062
  0
LWPOLYLINE
  5
95
330
17
100
AcDbEntity
  8
CUT
100
AcDbPolyline
 90
6
 70
1
 10
43.55817075986877
 20
84.66023553303063
 10
50.948254205495985
 20
84.66023553303063
 10
54.6432959283096
 20
91.06023553303062
 10
50.948254205495985
 20
97.46023553303061
 10
43.55817075986879
 20
97.46023553303061
 10
39.863129037055174
 20
91.06023553303062
  0
LWPOLYLINE
  5
96
330
17
100
AcDbEntity
  8
CUT
100
AcDbPolyline
 90
6
 70
1
 10
110.67513955316278
 20
76.91023553303063
 10
118.06522299878999
 20
76.91023553303063
 10
121.7602647216036
 20
83.31023553303062
 10
118.06522299879
 20
89.71023553303061
 10
110.67513955316278
 20
89.71023553303061
 10
106.98009783034918
 20
83.31023553303062
  0
LWPOLYLINE
  5
97
330
17
100
AcDbEntity
  8
CUT
100
AcDbPolyline
 90
6
 70
1
 10
83.82835203584519
 20
76.91023553303063
 10
91.2184354814724
 20
76.91023553303063
 10
94.91347720428601
 20
83.31023553303062
 10
91.2184354814724
 20
89.71023553303061
 10
83.82835203584519
 20
89.71023553303061
 10
80.13331031303159
 20
83.31023553303062
  0
LWPOLYLINE
  5
98
330
17
100
AcDbEntity
  8
CUT
100
AcDbPolyline
 90
6
 70
1
 10
64.3716479641548
 20
76.91023553303063
 10
68.06668968696842
 20
83.31023553303062
 10
64.3716479641548
 20
89.71023553303061
 10
56.981564518527605
 20
89.71023553303061
 10
53.28652279571399
 20
83.31023553303062
 10
56.98156451852759
 20
76.91023553303063
  0
LWPOLYLINE
  5
99
330
17
100
AcDbEntity
  8
CUT
100
AcDbPolyline
 90
6
 70
1
 10
37.524860446837195
 20
76.91023553303063
 10
41.21990216965081
 20
83.31023553303062
 10
37.524860446837195
 20
89.71023553303061
 10
30.134777001209997
 20
89.71023553303061
 10
26.439735278396384
 20
83.31023553303062
 10
30.134777001209983
 20
76.91023553303063
  0
LWPOLYLINE
  5
9A
330
17
100
AcDbEntity
  8
CUT
100
AcDbPolyline
 90
6
 70
1
 10
131.4886167574488
 20
69.16023553303063
 10
135.1836584802624
 20
75.56023553303062
 10
131.4886167574488
 20
81.96023553303061
 10
124.09853331182158
 20
81.96023553303061
 10
120.40349158900798
 20
75.56023553303062
 10
124.09853331182158
 20
69.16023553303063
  0
LWPOLYLINE
  5
9B
330
17
100
AcDbEntity
  8
CUT
100
AcDbPolyline
 90
6
 70
1
 10
97.25174579450399
 20
69.16023553303063
 10
104.64182924013119
 20
69.16023553303063
 10
108.3368709629448
 20
75.56023553303062
 10
104.64182924013119
 20
81.96023553303061
 10
97.25174579450399
 20
81.96023553303061
 10
93.55670407169038
 20
75.56023553303062
  0
LWPOLYLINE
  5
9C
330
17
100
AcDbEntity
  8
CUT
100
AcDbPolyline
 90
6
 70
1
 10
43.55817075986877
 20
69.16023553303063
 10
50.948254205495985
 20
69.16023553303063
 10
54.643295928309584
 20
75.56023553303062
 10
50.948254205495985
 20
81.96023553303061
 10
43.55817075986879
 20
81.96023553303061
 10
39.86312903705519
 20
75.56023553303062
  0
LWPOLYLINE
  5
9D
330
17
100
AcDbEntity
  8
CUT
100
AcDbPolyline
 90
6
 70
1
 10
16.711383242551193
 20
69.16023553303063
 10
24.101466688178405
 20
69.16023553303063
 10
27.796508410992004
 20
75.56023553303062
 10
24.101466688178405
 20
81.96023553303061
 10
16.711383242551193
 20
81.96023553303061
 10
13.016341519737608
 20
75.56023553303062
  0
LWPOLYLINE
  5
9E
330
17
100
AcDbEntity
  8
CUT
100
AcDbPolyline
 90
6
 70
1
 10
70.40495827718638
 20
69.16023553303063
 10
77.7950417228136
 20
69.16023553303063
 10
81.49008344562719
 20
75.56023553303062
 10
77.7950417228136
 20
81.96023553303061
 10
70.4049582771864
 20
81.96023553303061
 10
66.7099165543728
 20
75.56023553303062
  0
LWPOLYLINE
  5
9F
330
17
100
AcDbEntity
  8
CUT
100
AcDbPolyline
 90
6
 70
1
 10
118.06522299878999
 20
61.41023553303062
 10
121.7602647216036
 20
67.81023553303062
 10
118.06522299878999
 20
74.21023553303061
 10
110.67513955316278
 20
74.21023553303061
 10
106.98009783034918
 20
67.81023553303062
 10
110.67513955316278
 20
61.41023553303062
  0
LWPOLYLINE
  5
A0
330
17
100
AcDbEntity
  8
CUT
100
AcDbPolyline
 90
6
 70
1
 10
91.2184354814724
 20
61.41023553303062
 10
94.91347720428601
 20
67.81023553303062
 10
91.2184354814724
 20
74.21023553303061
 10
83.82835203584519
 20
74.21023553303061
 10
80.1333103130316
 20
67.81023553303062
 10
83.8283520358452
 20
61.41023553303062
  0
LWPOLYLINE
  5
A1
330
17
100
AcDbEntity
  8
CUT
100
AcDbPolyline
 90
6
 70
1
 10
64.37164796415479
 20
61.41023553303062
 10
68.0666896869684
 20
67.81023553303062
 10
64.3716479641548
 20
74.21023553303061
 10
56.981564518527605
 20
74.21023553303061
 10
53.286522795714006
 20
67.81023553303062
 10
56.981564518527605
 20
61.41023553303062
  0
LWPOLYLINE
  5
A2
330
17
100
AcDbEntity
  8
CUT
100
AcDbPolyline
 90
6
 70
1
 10
30.134777001209997
 20
61.41023553303062
 10
37.52486044683718
 20
61.41023553303062
 10
41.219902169650794
 20
67.81023553303062
 10
37.524860446837195
 20
74.21023553303061
 10
30.134777001209997
 20
74.21023553303061
 10
26.439735278396398
 20
67.81023553303062
  0
LWPOLYLINE
  5
A3
330
17
100
AcDbEntity
  8
CUT
100
AcDbPolyline
 90
6
 70
1
 10
24.101466688178405
 20
53.66023553303062
 10
27.796508410992004
 20
60.06023553303062
 10
24.10146668817839
 20
66.46023553303063
 10
16.711383242551193
 20
66.46023553303063
 10
13.016341519737608
 20
60.06023553303062
 10
16.711383242551193
 20
53.66023553303062
  0
LWPOLYLINE
  5
A4
330
17
100
AcDbEntity
  8
CUT
100
AcDbPolyline
 90
6
 70
1
 10
97.25174579450399
 20
53.66023553303062
 10
104.64182924013119
 20
53.66023553303062
 10
108.3368709629448
 20
60.06023553303062
 10
104.64182924013119
 20
66.46023553303063
 10
97.25174579450399
 20
66.46023553303063
 10
93.55670407169038
 20
60.06023553303062
  0
LWPOLYLINE
  5
A5
330
17
100
AcDbEntity
  8
CUT
100
AcDbPolyline
 90
6
 70
1
 10
70.40495827718638
 20
53.66023553303062
 10
77.7950417228136
 20
53.66023553303062
 10
81.49008344562719
 20
60.06023553303062
 10
77.79504172281358
 20
66.46023553303063
 10
70.40495827718641
 20
66.46023553303063
 10
66.7099165543728
 20
60.06023553303062
  0
LWPOLYLINE
  5
A6
330
17
100
AcDbEntity
  8
CUT
100
AcDbPolyline
 90
6
 70
1
 10
43.55817075986877
 20
53.66023553303062
 10
50.948254205495985
 20
53.66023553303062
 10
54.643295928309584
 20
60.06023553303062
 10
50.94825420549597
 20
66.46023553303063
 10
43.5581707598688
 20
66.46023553303063
 10
39.86312903705519
 20
60.06023553303062
  0
LWPOLYLINE
  5
A7
330
17
100
AcDbEntity
  8
CUT
100
AcDbPolyline
 90
6
 70
1
 10
131.4886167574488
 20
53.66023553303062
 10
135.1836584802624
 20
60.06023553303062
 10
131.4886167574488
 20
66.46023553303063
 10
124.09853331182158
 20
66.46023553303063
 10
120.40349158900798
 20
60.06023553303062
 10
124.09853331182158
 20
53.66023553303062
  0
LWPOLYLINE
  5
A8
330
17
100
AcDbEntity
  8
CUT
100
AcDbPolyline
 90
4
 70
1
 10
297.4
 20
50.70682368868708
 10
149.19999999999996
 20
50.70682368868708
 10
149.19999999999996
 20
100.41364737737416
 10
297.4
 20
100.41364737737416
  0
LWPOLYLINE
  5
A9
330
17
100
AcDbEntity
  8
CUT
100
AcDbPolyline
 90
6
 70
1
 10
165.91138324255115
 20
84.66023553303063
 10
173.30146668817838
 20
84.66023553303063
 10
176.99650841099196
 20
91.06023553303062
 10
173.30146668817838
 20
97.46023553303061
 10
165.91138324255115
 20
97.46023553303061
 10
162.21634151973757
 20
91.06023553303062
  0
LWPOLYLINE
  5
AA
330
17
100
AcDbEntity
  8
CUT
100
AcDbPolyline
 90
6
 70
1
 10
273.29853331182153
 20
84.66023553303063
 10
280.68861675744876
 20
84.66023553303063
 10
284.38365848026234
 20
91.06023553303062
 10
280.68861675744876
 20
97.46023553303061
 10
273.29853331182153
 20
97.46023553303061
 10
269.60349158900794
 20
91.06023553303062
  0
LWPOLYLINE
  5
AB
330
17
100
AcDbEntity
  8
CUT
100
AcDbPolyline
 90
6
 70
1
 10
253.84182924013115
 20
84.66023553303063
 10
257.53687096294476
 20
91.06023553303062
 10
253.84182924013115
 20
97.46023553303061
 10
246.45174579450395
 20
97.46023553303061
 10
242.75670407169034
 20
91.06023553303062
 10
246.45174579450395
 20
84.66023553303063
  0
LWPOLYLINE
  5
AC
330
17
100
AcDbEntity
  8
CUT
100
AcDbPolyline
 90
6
 70
1
 10
219.60495827718634
 20
84.66023553303063
 10
226.99504172281354
 20
84.66023553303063
 10
230.69008344562718
 20
91.06023553303062
 10
226.99504172281354
 20
97.46023553303061
 10
219.60495827718637
 20
97.46023553303061
 10
215.90991655437273
 20
91.06023553303062
  0
LWPOLYLINE
  5
AD
330
17
100
AcDbEntity
  8
CUT
100
AcDbPolyline
 90
6
 70
1
 10
192.75817075986873
 20
84.66023553303063
 10
200.14825420549596
 20
84.66023553303063
 10
203.84329592830954
 20
91.06023553303062
 10
200.14825420549596
 20
97.46023553303061
 10
192.75817075986873
 20
97.46023553303061
 10
189.06312903705515
 20
91.06023553303062
  0
LWPOLYLINE
  5
AE
330
17
100
AcDbEntity
  8
CUT
100
AcDbPolyline
 90
6
 70
1
 10
259.87513955316274
 20
76.91023553303063
 10
267.26522299878997
 20
76.91023553303063
 10
270.96026472160355
 20
83.31023553303062
 10
267.26522299878997
 20
89.71023553303061
 10
259.87513955316274
 20
89.71023553303061
 10
256.18009783034915
 20
83.31023553303062
  0
LWPOLYLINE
  5
AF
330
17
100
AcDbEntity
  8
CUT
100
AcDbPolyline
 90
6
 70
1
 10
233.02835203584516
 20
76.91023553303063
 10
240.41843548147236
 20
76.91023553303063
 10
244.11347720428597
 20
83.31023553303062
 10
240.41843548147236
 20
89.71023553303061
 10
233.02835203584516
 20
89.71023553303061
 10
229.33331031303155
 20
83.31023553303062
  0
LWPOLYLINE
  5
B0
330
17
100
AcDbEntity
  8
CUT
100
AcDbPolyline
 90
6
 70
1
 10
213.57164796415475
 20
76.91023553303063
 10
217.2666896869684
 20
83.31023553303062
 10
213.57164796415475
 20
89.71023553303061
 10
206.18156451852758
 20
89.71023553303061
 10
202.48652279571394
 20
83.31023553303062
 10
206.18156451852755
 20
76.91023553303063
  0
LWPOLYLINE
  5
B1
330
17
100
AcDbEntity
  8
CUT
100
AcDbPolyline
 90
6
 70
1
 10
186.72486044683717
 20
76.91023553303063
 10
190.41990216965075
 20
83.31023553303062
 10
186.72486044683717
 20
89.71023553303061
 10
179.33477700120994
 20
89.71023553303061
 10
175.63973527839636
 20
83.31023553303062
 10
179.33477700120994
 20
76.91023553303063
  0
LWPOLYLINE
  5
B2
330
17
100
AcDbEntity
  8
CUT
100
AcDbPolyline
 90
6
 70
1
 10
280.68861675744876
 20
69.16023553303063
 10
284.38365848026234
 20
75.56023553303062
 10
280.68861675744876
 20
81.96023553303061
 10
273.29853331182153
 20
81.96023553303061
 10
269.60349158900794
 20
75.56023553303062
 10
273.29853331182153
 20
69.16023553303063
  0
LWPOLYLINE
  5
B3
330
17
100
AcDbEntity
  8
CUT
100
AcDbPolyline
 90
6
 70
1
 10
246.45174579450395
 20
69.16023553303063
 10
253.84182924013115
 20
69.16023553303063
 10
257.53687096294476
 20
75.56023553303062
 10
253.84182924013115
 20
81.96023553303061
 10
246.45174579450395
 20
81.96023553303061
 10
242.75670407169034
 20
75.56023553303062
  0
LWPOLYLINE
  5
B4
330
17
100
AcDbEntity
  8
CUT
100
AcDbPolyline
 90
6
 70
1
 10
192.75817075986873
 20
69.16023553303063
 10
200.14825420549596
 20
69.16023553303063
 10
203.84329592830954
 20
75.56023553303062
 10
200.14825420549596
 20
81.96023553303061
 10
192.75817075986873
 20
81.96023553303061
 10
189.06312903705515
 20
75.56023553303062
  0
LWPOLYLINE
  5
B5
330
17
100
AcDbEntity
  8
CUT
100
AcDbPolyline
 90
6
 70
1
 10
165.91138324255115
 20
69.16023553303063
 10
173.30146668817838
 20
69.16023553303063
 10
176.99650841099196
 20
75.56023553303062
 10
173.30146668817838
 20
81.96023553303061
 10
165.91138324255115
 20
81.96023553303061
 10
162.21634151973757
 20
75.56023553303062
  0
LWPOLYLINE
  5
B6
330
17
100
AcDbEntity
  8
CUT
100
AcDbPolyline
 90
6
 70
1
 10
219.60495827718634
 20
69.16023553303063
 10
226.99504172281354
 20
69.16023553303063
 10
230.69008344562715
 20
75.56023553303062
 10
226.99504172281354
 20
81.96023553303061
 10
219.60495827718637
 20
81.96023553303061
 10
215.90991655437276
 20
75.56023553303062
  0
LWPOLYLINE
  5
B7
330
17
100
AcDbEntity
  8
CUT
100
AcDbPolyline
 90
6
 70
1
 10
267.26522299878997
 20
61.41023553303062
 10
270.96026472160355
 20
67.81023553303062
 10
267.26522299878997
 20
74.21023553303061
 10
259.87513955316274
 20
74.21023553303061
 10
256.18009783034915
 20
67.81023553303062
 10
259.87513955316274
 20
61.41023553303062
  0
LWPOLYLINE
  5
B8
330
17
100
AcDbEntity
  8
CUT
100
AcDbPolyline
 90
6
 70
1
 10
240.41843548147236
 20
61.41023553303062
 10
244.11347720428597
 20
67.81023553303062
 10
240.41843548147236
 20
74.21023553303061
 10
233.02835203584516
 20
74.21023553303061
 10
229.33331031303157
 20
67.81023553303062
 10
233.02835203584516
 20
61.41023553303062
  0
LWPOLYLINE
  5
B9
330
17
100
AcDbEntity
  8
CUT
100
AcDbPolyline
 90
6
 70
1
 10
213.57164796415475
 20
61.41023553303062
 10
217.26668968696836
 20
67.81023553303062
 10
213.57164796415475
 20
74.21023553303061
 10
206.18156451852758
 20
74.21023553303061
 10
202.48652279571397
 20
67.81023553303062
 10
206.18156451852758
 20
61.41023553303062
  0
LWPOLYLINE
  5
BA
330
17
100
AcDbEntity
  8
CUT
100
AcDbPolyline
 90
6
 70
1
 10
179.33477700120994
 20
61.41023553303062
 10
186.72486044683714
 20
61.41023553303062
 10
190.41990216965075
 20
67.81023553303062
 10
186.72486044683717
 20
74.21023553303061
 10
179.33477700120994
 20
74.21023553303061
 10
175.63973527839636
 20
67.81023553303062
  0
LWPOLYLINE
  5
BB
330
17
100
AcDbEntity
  8
CUT
100
AcDbPolyline
 90
6
 70
1
 10
173.30146668817838
 20
53.66023553303062
 10
176.99650841099196
 20
60.06023553303062
 10
173.30146668817835
 20
66.46023553303063
 10
165.91138324255115
 20
66.46023553303063
 10
162.21634151973757
 20
60.06023553303062
 10
165.91138324255115
 20
53.66023553303062
  0
LWPOLYLINE
  5
BC
330
17
100
AcDbEntity
  8
CUT
100
AcDbPolyline
 90
6
 70
1
 10
246.45174579450395
 20
53.66023553303062
 10
253.84182924013115
 20
53.66023553303062
 10
257.53687096294476
 20
60.06023553303062
 10
253.84182924013115
 20
66.46023553303063
 10
246.45174579450395
 20
66.46023553303063
 10
242.75670407169034
 20
60.06023553303062
  0
LWPOLYLINE
  5
BD
330
17
100
AcDbEntity
  8
CUT
100
AcDbPolyline
 90
6
 70
1
 10
219.60495827718634
 20
53.66023553303062
 10
226.99504172281354
 20
53.66023553303062
 10
230.69008344562715
 20
60.06023553303062
 10
226.99504172281354
 20
66.46023553303063
 10
219.60495827718637
 20
66.46023553303063
 10
215.90991655437276
 20
60.06023553303062
  0
LWPOLYLINE
  5
BE
330
17
100
AcDbEntity
  8
CUT
100
AcDbPolyline
 90
6
 70
1
 10
192.75817075986873
 20
53.66023553303062
 10
200.14825420549596
 20
53.66023553303062
 10
203.84329592830954
 20
60.06023553303062
 10
200.14825420549593
 20
66.46023553303063
 10
192.75817075986876
 20
66.46023553303063
 10
189.06312903705515
 20
60.06023553303062
  0
LWPOLYLINE
  5
BF
330
17
100
AcDbEntity
  8
CUT
100
AcDbPolyline
 90
6
 70
1
 10
280.68861675744876
 20
53.66023553303062
 10
284.38365848026234
 20
60.06023553303062
 10
280.68861675744876
 20
66.46023553303063
 10
273.29853331182153
 20
66.46023553303063
 10
269.60349158900794
 20
60.06023553303062
 10
273.29853331182153
 20
53.66023553303062
  0
LWPOLYLINE
  5
C0
330
17
100
AcDbEntity
  8
CUT
100
AcDbPolyline
 90
4
 70
1
 10
446.6
 20
50.70682368868708
 10
298.4
 20
50.70682368868708
 10
298.4
 20
100.41364737737416
 10
446.6
 20
100.41364737737416
  0
LWPOLYLINE
  5
C1
330
17
100
AcDbEntity
  8
CUT
100
AcDbPolyline
 90
6
 70
1
 10
315.1113832425512
 20
84.66023553303063
 10
322.5014666881784
 20
84.66023553303063
 10
326.196508410992
 20
91.06023553303062
 10
322.5014666881784
 20
97.46023553303061
 10
315.1113832425512
 20
97.46023553303061
 10
311.4163415197376
 20
91.06023553303062
  0
LWPOLYLINE
  5
C2
330
17
100
AcDbEntity
  8
CUT
100
AcDbPolyline
 90
6
 70
1
 10
422.4985333118216
 20
84.66023553303063
 10
429.8886167574488
 20
84.66023553303063
 10
433.5836584802624
 20
91.06023553303062
 10
429.8886167574488
 20
97.46023553303061
 10
422.4985333118216
 20
97.46023553303061
 10
418.803491589008
 20
91.06023553303062
  0
LWPOLYLINE
  5
C3
330
17
100
AcDbEntity
  8
CUT
100
AcDbPolyline
 90
6
 70
1
 10
403.0418292401312
 20
84.66023553303063
 10
406.7368709629448
 20
91.06023553303062
 10
403.04182924013116
 20
97.46023553303061
 10
395.651745794504
 20
97.46023553303061
 10
391.9567040716904
 20
91.06023553303062
 10
395.651745794504
 20
84.66023553303063
  0
LWPOLYLINE
  5
C4
330
17
100
AcDbEntity
  8
CUT
100
AcDbPolyline
 90
6
 70
1
 10
368.8049582771864
 20
84.66023553303063
 10
376.1950417228136
 20
84.66023553303063
 10
379.8900834456272
 20
91.06023553303062
 10
376.1950417228136
 20
97.46023553303061
 10
368.8049582771864
 20
97.46023553303061
 10
365.1099165543728
 20
91.06023553303062
  0
LWPOLYLINE
  5
C5
330
17
100
AcDbEntity
  8
CUT
100
AcDbPolyline
 90
6
 70
1
 10
341.9581707598688
 20
84.66023553303063
 10
349.348254205496
 20
84.66023553303063
 10
353.0432959283096
 20
91.06023553303062
 10
349.348254205496
 20
97.46023553303061
 10
341.9581707598688
 20
97.46023553303061
 10
338.2631290370552
 20
91.06023553303062
  0
LWPOLYLINE
  5
C6
330
17
100
AcDbEntity
  8
CUT
100
AcDbPolyline
 90
6
 70
1
 10
409.0751395531628
 20
76.91023553303063
 10
416.46522299879
 20
76.91023553303063
 10
420.1602647216036
 20
83.31023553303062
 10
416.46522299879
 20
89.71023553303061
 10
409.0751395531628
 20
89.71023553303061
 10
405.3800978303492
 20
83.31023553303062
  0
LWPOLYLINE
  5
C7
330
17
100
AcDbEntity
  8
CUT
100
AcDbPolyline
 90
6
 70
1
 10
382.2283520358452
 20
76.91023553303063
 10
389.6184354814724
 20
76.91023553303063
 10
393.313477204286
 20
83.31023553303062
 10
389.6184354814724
 20
89.71023553303061
 10
382.2283520358452
 20
89.71023553303061
 10
378.5333103130316
 20
83.31023553303062
  0
LWPOLYLINE
  5
C8
330
17
100
AcDbEntity
  8
CUT
100
AcDbPolyline
 90
6
 70
1
 10
362.7716479641548
 20
76.91023553303063
 10
366.46668968696844
 20
83.31023553303062
 10
362.7716479641548
 20
89.71023553303061
 10
355.3815645185276
 20
89.71023553303061
 10
351.686522795714
 20
83.31023553303062
 10
355.3815645185276
 20
76.91023553303063
  0
LWPOLYLINE
  5
C9
330
17
100
AcDbEntity
  8
CUT
100
AcDbPolyline
 90
6
 70
1
 10
335.9248604468372
 20
76.91023553303063
 10
339.6199021696508
 20
83.31023553303062
 10
335.9248604468372
 20
89.71023553303061
 10
328.53477700121
 20
89.71023553303061
 10
324.8397352783964
 20
83.31023553303062
 10
328.53477700121
 20
76.91023553303063
  0
LWPOLYLINE
  5
CA
330
17
100
AcDbEntity
  8
CUT
100
AcDbPolyline
 90
6
 70
1
 10
429.8886167574488
 20
69.16023553303063
 10
433.5836584802624
 20
75.56023553303062
 10
429.8886167574488
 20
81.96023553303061
 10
422.4985333118216
 20
81.96023553303061
 10
418.803491589008
 20
75.56023553303062
 10
422.4985333118216
 20
69.16023553303063
  0
LWPOLYLINE
  5
CB
330
17
100
AcDbEntity
  8
CUT
100
AcDbPolyline
 90
6
 70
1
 10
395.651745794504
 20
69.16023553303063
 10
403.0418292401312
 20
69.16023553303063
 10
406.7368709629448
 20
75.56023553303062
 10
403.04182924013116
 20
81.96023553303061
 10
395.651745794504
 20
81.96023553303061
 10
391.9567040716904
 20
75.56023553303062
  0
LWPOLYLINE
  5
CC
330
17
100
AcDbEntity
  8
CUT
100
AcDbPolyline
 90
6
 70
1
 10
341.9581707598688
 20
69.16023553303063
 10
349.348254205496
 20
69.16023553303063
 10
353.0432959283096
 20
75.56023553303062
 10
349.348254205496
 20
81.96023553303061
 10
341.9581707598688
 20
81.96023553303061
 10
338.2631290370552
 20
75.56023553303062
  0
LWPOLYLINE
  5
CD
330
17
100
AcDbEntity
  8
CUT
100
AcDbPolyline
 90
6
 70
1
 10
315.1113832425512
 20
69.16023553303063
 10
322.5014666881784
 20
69.16023553303063
 10
326.196508410992
 20
75.56023553303062
 10
322.5014666881784
 20
81.96023553303061
 10
315.1113832425512
 20
81.96023553303061
 10
311.4163415197376
 20
75.56023553303062
  0
LWPOLYLINE
  5
CE
330
17
100
AcDbEntity
  8
CUT
100
AcDbPolyline
 90
6
 70
1
 10
368.8049582771864
 20
69.16023553303063
 10
376.1950417228136
 20
69.16023553303063
 10
379.89008344562717
 20
75.56023553303062
 10
376.1950417228136
 20
81.96023553303061
 10
368.8049582771864
 20
81.96023553303061
 10
365.10991655437283
 20
75.56023553303062
  0
LWPOLYLINE
  5
CF
330
17
100
AcDbEntity
  8
CUT
100
AcDbPolyline
 90
6
 70
1
 10
416.46522299879
 20
61.41023553303062
 10
420.1602647216036
 20
67.81023553303062
 10
416.46522299879
 20
74.21023553303061
 10
409.0751395531628
 20
74.21023553303061
 10
405.3800978303492
 20
67.81023553303062
 10
409.0751395531628
 20
61.41023553303062
  0
LWPOLYLINE
  5
D0
330
17
100
AcDbEntity
  8
CUT
100
AcDbPolyline
 90
6
 70
1
 10
389.6184354814724
 20
61.41023553303062
 10
393.313477204286
 20
67.81023553303062
 10
389.6184354814724
 20
74.21023553303061
 10
382.2283520358452
 20
74.21023553303061
 10
378.5333103130316
 20
67.81023553303062
 10
382.2283520358452
 20
61.41023553303062
  0
LWPOLYLINE
  5
D1
330
17
100
AcDbEntity
  8
CUT
100
AcDbPolyline
 90
6
 70
1
 10
362.7716479641548
 20
61.41023553303062
 10
366.4666896869684
 20
67.81023553303062
 10
362.7716479641548
 20
74.21023553303061
 10
355.3815645185276
 20
74.21023553303061
 10
351.68652279571404
 20
67.81023553303062
 10
355.3815645185276
 20
61.41023553303062
  0
LWPOLYLINE
  5
D2
330
17
100
AcDbEntity
  8
CUT
100
AcDbPolyline
 90
6
 70
1
 10
328.53477700121
 20
61.41023553303062
 10
335.9248604468372
 20
61.41023553303062
 10
339.6199021696508
 20
67.81023553303062
 10
335.9248604468372
 20
74.21023553303061
 10
328.53477700121
 20
74.21023553303061
 10
324.8397352783964
 20
67.81023553303062
  0
LWPOLYLINE
  5
D3
330
17
100
AcDbEntity
  8
CUT
100
AcDbPolyline
 90
6
 70
1
 10
322.5014666881784
 20
53.66023553303062
 10
326.196508410992
 20
60.06023553303062
 10
322.5014666881784
 20
66.46023553303063
 10
315.1113832425512
 20
66.46023553303063
 10
311.4163415197376
 20
60.06023553303062
 10
315.1113832425512
 20
53.66023553303062
  0
LWPOLYLINE
  5
D4
330
17
100
AcDbEntity
  8
CUT
100
AcDbPolyline
 90
6
 70
1
 10
395.651745794504
 20
53.66023553303062
 10
403.0418292401312
 20
53.66023553303062
 10
406.7368709629448
 20
60.06023553303062
 10
403.04182924013116
 20
66.46023553303063
 10
395.651745794504
 20
66.46023553303063
 10
391.9567040716904
 20
60.06023553303062
  0
LWPOLYLINE
  5
D5
330
17
100
AcDbEntity
  8
CUT
100
AcDbPolyline
 90
6
 70
1
 10
368.8049582771864
 20
53.66023553303062
 10
376.1950417228136
 20
53.66023553303062
 10
379.89008344562717
 20
60.06023553303062
 10
376.1950417228136
 20
66.46023553303063
 10
368.8049582771864
 20
66.46023553303063
 10
365.10991655437283
 20
60.06023553303062
  0
LWPOLYLINE
  5
D6
330
17
100
AcDbEntity
  8
CUT
100
AcDbPolyline
 90
6
 70
1
 10
341.9581707598688
 20
53.66023553303062
 10
349.348254205496
 20
53.66023553303062
 10
353.0432959283096
 20
60.06023553303062
 10
349.348254205496
 20
66.46023553303063
 10
341.95817075986884
 20
66.46023553303063
 10
338.2631290370552
 20
60.06023553303062
  0
LWPOLYLINE
  5
D7
330
17
100
AcDbEntity
  8
CUT
100
AcDbPolyline
 90
6
 70
1
 10
429.8886167574488
 20
53.66023553303062
 10
433.5836584802624
 20
60.06023553303062
 10
429.8886167574488
 20
66.46023553303063
 10
422.4985333118216
 20
66.46023553303063
 10
418.803491589008
 20
60.06023553303062
 10
422.4985333118216
 20
53.66023553303062
  0
LWPOLYLINE
  5
D8
330
17
100
AcDbEntity
  8
CUT
100
AcDbPolyline
 90
4
 70
1
 10
595.8
 20
50.70682368868708
 10
447.5999999999999
 20
50.70682368868708
 10
447.5999999999999
 20
100.41364737737416
 10
595.8
 20
100.41364737737416
  0
LWPOLYLINE
  5
D9
330
17
100
AcDbEntity
  8
CUT
100
AcDbPolyline
 90
6
 70
1
 10
464.31138324255113
 20
84.66023553303063
 10
471.70146668817836
 20
84.66023553303063
 10
475.39650841099194
 20
91.06023553303062
 10
471.70146668817836
 20
97.46023553303061
 10
464.31138324255113
 20
97.46023553303061
 10
460.61634151973755
 20
91.06023553303062
  0
LWPOLYLINE
  5
DA
330
17
100
AcDbEntity
  8
CUT
100
AcDbPolyline
 90
6
 70
1
 10
571.6985333118215
 20
84.66023553303063
 10
579.0886167574488
 20
84.66023553303063
 10
582.7836584802624
 20
91.06023553303062
 10
579.0886167574488
 20
97.46023553303061
 10
571.6985333118215
 20
97.46023553303061
 10
568.0034915890079
 20
91.06023553303062
  0
LWPOLYLINE
  5
DB
330
17
100
AcDbEntity
  8
CUT
100
AcDbPolyline
 90
6
 70
1
 10
552.2418292401311
 20
84.66023553303063
 10
555.9368709629448
 20
91.06023553303062
 10
552.2418292401311
 20
97.46023553303061
 10
544.8517457945039
 20
97.46023553303061
 10
541.1567040716903
 20
91.06023553303062
 10
544.8517457945039
 20
84.66023553303063
  0
LWPOLYLINE
  5
DC
330
17
100
AcDbEntity
  8
CUT
100
AcDbPolyline
 90
6
 70
1
 10
518.0049582771863
 20
84.66023553303063
 10
525.3950417228135
 20
84.66023553303063
 10
529.0900834456271
 20
91.06023553303062
 10
525.3950417228135
 20
97.46023553303061
 10
518.0049582771863
 20
97.46023553303061
 10
514.3099165543728
 20
91.06023553303062
  0
LWPOLYLINE
  5
DD
330
17
100
AcDbEntity
  8
CUT
100
AcDbPolyline
 90
6
 70
1
 10
491.1581707598687
 20
84.66023553303063
 10
498.54825420549594
 20
84.66023553303063
 10
502.2432959283095
 20
91.06023553303062
 10
498.54825420549594
 20
97.46023553303061
 10
491.1581707598687
 20
97.46023553303061
 10
487.4631290370551
 20
91.06023553303062
  0
LWPOLYLINE
  5
DE
330
17
100
AcDbEntity
  8
CUT
100
AcDbPolyline
 90
6
 70
1
 10
558.2751395531627
 20
76.91023553303063
 10
565.6652229987899
 20
76.91023553303063
 10
569.3602647216036
 20
83.31023553303062
 10
565.6652229987899
 20
89.71023553303061
 10
558.2751395531627
 20
89.71023553303061
 10
554.5800978303491
 20
83.31023553303062
  0
LWPOLYLINE
  5
DF
330
17
100
AcDbEntity
  8
CUT
100
AcDbPolyline
 90
6
 70
1
 10
531.4283520358451
 20
76.91023553303063
 10
538.8184354814723
 20
76.91023553303063
 10
542.5134772042859
 20
83.31023553303062
 10
538.8184354814723
 20
89.71023553303061
 10
531.4283520358451
 20
89.71023553303061
 10
527.7333103130316
 20
83.31023553303062
  0
LWPOLYLINE
  5
E0
330
17
100
AcDbEntity
  8
CUT
100
AcDbPolyline
 90
6
 70
1
 10
511.9716479641547
 20
76.91023553303063
 10
515.6666896869683
 20
83.31023553303062
 10
511.9716479641547
 20
89.71023553303061
 10
504.58156451852756
 20
89.71023553303061
 10
500.8865227957139
 20
83.31023553303062
 10
504.58156451852756
 20
76.91023553303063
  0
LWPOLYLINE
  5
E1
330
17
100
AcDbEntity
  8
CUT
100
AcDbPolyline
 90
6
 70
1
 10
485.12486044683715
 20
76.91023553303063
 10
488.81990216965073
 20
83.31023553303062
 10
485.12486044683715
 20
89.71023553303061
 10
477.7347770012099
 20
89.71023553303061
 10
474.03973527839634
 20
83.31023553303062
 10
477.7347770012099
 20
76.91023553303063
  0
LWPOLYLINE
  5
E2
330
17
100
AcDbEntity
  8
CUT
100
AcDbPolyline
 90
6
 70
1
 10
579.0886167574487
 20
69.16023553303063
 10
582.7836584802624
 20
75.56023553303062
 10
579.0886167574487
 20
81.96023553303061
 10
571.6985333118215
 20
81.96023553303061
 10
568.0034915890079
 20
75.56023553303062
 10
571.6985333118215
 20
69.16023553303063
  0
LWPOLYLINE
  5
E3
330
17
100
AcDbEntity
  8
CUT
100
AcDbPolyline
 90
6
 70
1
 10
544.8517457945039
 20
69.16023553303063
 10
552.2418292401311
 20
69.16023553303063
 10
555.9368709629448
 20
75.56023553303062
 10
552.2418292401311
 20
81.96023553303061
 10
544.8517457945039
 20
81.96023553303061
 10
541.1567040716903
 20
75.56023553303062
  0
LWPOLYLINE
  5
E4
330
17
100
AcDbEntity
  8
CUT
100
AcDbPolyline
 90
6
 70
1
 10
491.1581707598687
 20
69.16023553303063
 10
498.54825420549594
 20
69.16023553303063
 10
502.2432959283095
 20
75.56023553303062
 10
498.54825420549594
 20
81.96023553303061
 10
491.1581707598687
 20
81.96023553303061
 10
487.4631290370551
 20
75.56023553303062
  0
LWPOLYLINE
  5
E5
330
17
100
AcDbEntity
  8
CUT
100
AcDbPolyline
 90
6
 70
1
 10
464.31138324255113
 20
69.16023553303063
 10
471.70146668817836
 20
69.16023553303063
 10
475.39650841099194
 20
75.56023553303062
 10
471.70146668817836
 20
81.96023553303061
 10
464.31138324255113
 20
81.96023553303061
 10
460.61634151973755
 20
75.56023553303062
  0
LWPOLYLINE
  5
E6
330
17
100
AcDbEntity
  8
CUT
100
AcDbPolyline
 90
6
 70
1
 10
518.0049582771863
 20
69.16023553303063
 10
525.3950417228135
 20
69.16023553303063
 10
529.0900834456271
 20
75.56023553303062
 10
525.3950417228135
 20
81.96023553303061
 10
518.0049582771863
 20
81.96023553303061
 10
514.3099165543728
 20
75.56023553303062
  0
LWPOLYLINE
  5
E7
330
17
100
AcDbEntity
  8
CUT
100
AcDbPolyline
 90
6
 70
1
 10
565.6652229987899
 20
61.41023553303062
 10
569.3602647216036
 20
67.81023553303062
 10
565.6652229987899
 20
74.21023553303061
 10
558.2751395531627
 20
74.21023553303061
 10
554.5800978303491
 20
67.81023553303062
 10
558.2751395531627
 20
61.41023553303062
  0
LWPOLYLINE
  5
E8
330
17
100
AcDbEntity
  8
CUT
100
AcDbPolyline
 90
6
 70
1
 10
538.8184354814723
 20
61.41023553303062
 10
542.5134772042859
 20
67.81023553303062
 10
538.8184354814723
 20
74.21023553303061
 10
531.4283520358451
 20
74.21023553303061
 10
527.7333103130316
 20
67.81023553303062
 10
531.4283520358451
 20
61.41023553303062
  0
LWPOLYLINE
  5
E9
330
17
100
AcDbEntity
  8
CUT
100
AcDbPolyline
 90
6
 70
1
 10
511.9716479641547
 20
61.41023553303062
 10
515.6666896869683
 20
67.81023553303062
 10
511.9716479641547
 20
74.21023553303061
 10
504.58156451852756
 20
74.21023553303061
 10
500.886522795714
 20
67.81023553303062
 10
504.58156451852756
 20
61.41023553303062
  0
LWPOLYLINE
  5
EA
330
17
100
AcDbEntity
  8
CUT
100
AcDbPolyline
 90
6
 70
1
 10
477.7347770012099
 20
61.41023553303062
 10
485.12486044683715
 20
61.41023553303062
 10
488.81990216965073
 20
67.81023553303062
 10
485.12486044683715
 20
74.21023553303061
 10
477.7347770012099
 20
74.21023553303061
 10
474.03973527839634
 20
67.81023553303062
  0
LWPOLYLINE
  5
EB
330
17
100
AcDbEntity
  8
CUT
100
AcDbPolyline
 90
6
 70
1
 10
471.70146668817836
 20
53.66023553303062
 10
475.39650841099194
 20
60.06023553303062
 10
471.70146668817836
 20
66.46023553303063
 10
464.31138324255113
 20
66.46023553303063
 10
460.61634151973755
 20
60.06023553303062
 10
464.31138324255113
 20
53.66023553303062
  0
LWPOLYLINE
  5
EC
330
17
100
AcDbEntity
  8
CUT
100
AcDbPolyline
 90
6
 70
1
 10
544.8517457945039
 20
53.66023553303062
 10
552.2418292401311
 20
53.66023553303062
 10
555.9368709629448
 20
60.06023553303062
 10
552.2418292401311
 20
66.46023553303063
 10
544.8517457945039
 20
66.46023553303063
 10
541.1567040716903
 20
60.06023553303062
  0
LWPOLYLINE
  5
ED
330
17
100
AcDbEntity
  8
CUT
100
AcDbPolyline
 90
6
 70
1
 10
518.0049582771863
 20
53.66023553303062
 10
525.3950417228135
 20
53.66023553303062
 10
529.0900834456271
 20
60.06023553303062
 10
525.3950417228135
 20
66.46023553303063
 10
518.0049582771863
 20
66.46023553303063
 10
514.3099165543728
 20
60.06023553303062
  0
LWPOLYLINE
  5
EE
330
17
100
AcDbEntity
  8
CUT
100
AcDbPolyline
 90
6
 70
1
 10
491.1581707598687
 20
53.66023553303062
 10
498.54825420549594
 20
53.66023553303062
 10
502.2432959283095
 20
60.06023553303062
 10
498.54825420549594
 20
66.46023553303063
 10
491.15817075986877
 20
66.46023553303063
 10
487.4631290370551
 20
60.06023553303062
  0
LWPOLYLINE
  5
EF
330
17
100
AcDbEntity
  8
CUT
100
AcDbPolyline
 90
6
 70
1
 10
579.0886167574487
 20
53.66023553303062
 10
582.7836584802624
 20
60.06023553303062
 10
579.0886167574487
 20
66.46023553303063
 10
571.6985333118215
 20
66.46023553303063
 10
568.0034915890079
 20
60.06023553303062
 10
571.6985333118215
 20
53.66023553303062
  0
LWPOLYLINE
  5
F0
330
17
100
AcDbEntity
  8
CUT
100
AcDbPolyline
 90
4
 70
1
 10
148.2
 20
101.41364737737416
 10
0.0
 20
101.41364737737416
 10
0.0
 20
151.12047106606124
 10
148.2
 20
151.12047106606124
  0
LWPOLYLINE
  5
F1
330
17
100
AcDbEntity
  8
CUT
100
AcDbPolyline
 90
6
 70
1
 10
16.711383242551193
 20
135.36705922171768
 10
24.101466688178405
 20
135.36705922171768
 10
27.79650841099202
 20
141.7670592217177
 10
24.101466688178405
 20
148.1670592217177
 10
16.711383242551193
 20
148.1670592217177
 10
13.016341519737608
 20
141.7670592217177
  0
LWPOLYLINE
  5
F2
330
17
100
AcDbEntity
  8
CUT
100
AcDbPolyline
 90
6
 70
1
 10
124.09853331182158
 20
135.36705922171768
 10
131.4886167574488
 20
135.36705922171768
 10
135.1836584802624
 20
141.7670592217177
 10
131.4886167574488
 20
148.1670592217177
 10
124.09853331182158
 20
148.1670592217177
 10
120.40349158900798
 20
141.7670592217177
  0
LWPOLYLINE
  5
F3
330
17
100
AcDbEntity
  8
CUT
100
AcDbPolyline
 90
6
 70
1
 10
104.64182924013119
 20
135.36705922171768
 10
108.3368709629448
 20
141.7670592217177
 10
104.64182924013119
 20
148.1670592217177
 10
97.25174579450399
 20
148.1670592217177
 10
93.55670407169038
 20
141.7670592217177
 10
97.25174579450399
 20
135.36705922171768
  0
LWPOLYLINE
  5
F4
330
17
100
AcDbEntity
  8
CUT
100
AcDbPolyline
 90
6
 70
1
 10
70.40495827718638
 20
135.36705922171768
 10
77.7950417228136
 20
135.36705922171768
 10
81.4900834456272
 20
141.7670592217177
 10
77.7950417228136
 20
148.1670592217177
 10
70.4049582771864
 20
148.1670592217177
 10
66.70991655437278
 20
141.7670592217177
  0
LWPOLYLINE
  5
F5
330
17
100
AcDbEntity
  8
CUT
100
AcDbPolyline
 90
6
 70
1
 10
43.55817075986877
 20
135.36705922171768
 10
50.948254205495985
 20
135.36705922171768
 10
54.6432959283096
 20
141.7670592217177
 10
50.948254205495985
 20
148.1670592217177
 10
43.55817075986879
 20
148.1670592217177
 10
39.863129037055174
 20
141.7670592217177
  0
LWPOLYLINE
  5
F6
330
17
100
AcDbEntity
  8
CUT
100
AcDbPolyline
 90
6
 70
1
 10
110.67513955316278
 20
127.6170592217177
 10
118.06522299878999
 20
127.6170592217177
 10
121.7602647216036
 20
134.0170592217177
 10
118.06522299879
 20
140.4170592217177
 10
110.67513955316278
 20
140.4170592217177
 10
106.98009783034918
 20
134.0170592217177
  0
LWPOLYLINE
  5
F7
330
17
100
AcDbEntity
  8
CUT
100
AcDbPolyline
 90
6
 70
1
 10
83.82835203584519
 20
127.6170592217177
 10
91.2184354814724
 20
127.6170592217177
 10
94.91347720428601
 20
134.0170592217177
 10
91.2184354814724
 20
140.4170592217177
 10
83.82835203584519
 20
140.4170592217177
 10
80.13331031303159
 20
134.0170592217177
  0
LWPOLYLINE
  5
F8
330
17
100
AcDbEntity
  8
CUT
100
AcDbPolyline
 90
6
 70
1
 10
64.3716479641548
 20
127.6170592217177
 10
68.06668968696842
 20
134.0170592217177
 10
64.3716479641548
 20
140.4170592217177
 10
56.981564518527605
 20
140.4170592217177
 10
53.28652279571399
 20
134.0170592217177
 10
56.98156451852759
 20
127.6170592217177
  0
LWPOLYLINE
  5
F9
330
17
100
AcDbEntity
  8
CUT
100
AcDbPolyline
 90
6
 70
1
 10
37.524860446837195
 20
127.6170592217177
 10
41.21990216965081
 20
134.0170592217177
 10
37.524860446837195
 20
140.4170592217177
 10
30.134777001209997
 20
140.4170592217177
 10
26.439735278396384
 20
134.0170592217177
 10
30.134777001209983
 20
127.6170592217177
  0
LWPOLYLINE
  5
FA
330
17
100
AcDbEntity
  8
CUT
100
AcDbPolyline
 90
6
 70
1
 10
131.4886167574488
 20
119.8670592217177
 10
135.1836584802624
 20
126.26705922171769
 10
131.4886167574488
 20
132.6670592217177
 10
124.09853331182158
 20
132.6670592217177
 10
120.40349158900798
 20
126.26705922171769
 10
124.09853331182158
 20
119.8670592217177
  0
LWPOLYLINE
  5
FB
330
17
100
AcDbEntity
  8
CUT
100
AcDbPolyline
 90
6
 70
1
 10
97.25174579450399
 20
119.8670592217177
 10
104.64182924013119
 20
119.8670592217177
 10
108.3368709629448
 20
126.26705922171769
 10
104.64182924013119
 20
132.6670592217177
 10
97.25174579450399
 20
132.6670592217177
 10
93.55670407169038
 20
126.26705922171769
  0
LWPOLYLINE
  5
FC
330
17
100
AcDbEntity
  8
CUT
100
AcDbPolyline
 90
6
 70
1
 10
43.55817075986877
 20
119.8670592217177
 10
50.948254205495985
 20
119.8670592217177
 10
54.643295928309584
 20
126.26705922171769
 10
50.948254205495985
 20
132.6670592217177
 10
43.55817075986879
 20
132.6670592217177
 10
39.86312903705519
 20
126.26705922171769
  0
LWPOLYLINE
  5
FD
330
17
100
AcDbEntity
  8
CUT
100
AcDbPolyline
 90
6
 70
1
 10
16.711383242551193
 20
119.8670592217177
 10
24.101466688178405
 20
119.8670592217177
 10
27.796508410992004
 20
126.26705922171769
 10
24.101466688178405
 20
132.6670592217177
 10
16.711383242551193
 20
132.6670592217177
 10
13.016341519737608
 20
126.26705922171769
  0
LWPOLYLINE
  5
FE
330
17
100
AcDbEntity
  8
CUT
100
AcDbPolyline
 90
6
 70
1
 10
70.40495827718638
 20
119.8670592217177
 10
77.7950417228136
 20
119.8670592217177
 10
81.49008344562719
 20
126.26705922171769
 10
77.7950417228136
 20
132.6670592217177
 10
70.4049582771864
 20
132.6670592217177
 10
66.7099165543728
 20
126.26705922171769
  0
LWPOLYLINE
  5
FF
330
17
100
AcDbEntity
  8
CUT
100
AcDbPolyline
 90
6
 70
1
 10
118.06522299878999
 20
112.1170592217177
 10
121.7602647216036
 20
118.51705922171769
 10
118.06522299878999
 20
124.9170592217177
 10
110.67513955316278
 20
124.9170592217177
 10
106.98009783034918
 20
118.51705922171769
 10
110.67513955316278
 20
112.1170592217177
  0
LWPOLYLINE
  5
100
330
17
100
AcDbEntity
  8
CUT
100
AcDbPolyline
 90
6
 70
1
 10
91.2184354814724
 20
112.1170592217177
 10
94.91347720428601
 20
118.51705922171769
 10
91.2184354814724
 20
124.9170592217177
 10
83.82835203584519
 20
124.9170592217177
 10
80.1333103130316
 20
118.51705922171769
 10
83.8283520358452
 20
112.1170592217177
  0
LWPOLYLINE
  5
101
330
17
100
AcDbEntity
  8
CUT
100
AcDbPolyline
 90
6
 70
1
 10
64.37164796415479
 20
112.1170592217177
 10
68.0666896869684
 20
118.51705922171769
 10
64.3716479641548
 20
124.9170592217177
 10
56.981564518527605
 20
124.9170592217177
 10
53.286522795714006
 20
118.51705922171769
 10
56.981564518527605
 20
112.1170592217177
  0
LWPOLYLINE
  5
102
330
17
100
AcDbEntity
  8
CUT
100
AcDbPolyline
 90
6
 70
1
 10
30.134777001209997
 20
112.1170592217177
 10
37.52486044683718
 20
112.1170592217177
 10
41.219902169650794
 20
118.51705922171769
 10
37.524860446837195
 20
124.9170592217177
 10
30.134777001209997
 20
124.9170592217177
 10
26.439735278396398
 20
118.51705922171769
  0
LWPOLYLINE
  5
103
330
17
100
AcDbEntity
  8
CUT
100
AcDbPolyline
 90
6
 70
1
 10
24.101466688178405
 20
104.3670592217177
 10
27.796508410992004
 20
110.76705922171769
 10
24.10146668817839
 20
117.1670592217177
 10
16.711383242551193
 20
117.1670592217177
 10
13.016341519737608
 20
110.76705922171769
 10
16.711383242551193
 20
104.3670592217177
  0
LWPOLYLINE
  5
104
330
17
100
AcDbEntity
  8
CUT
100
AcDbPolyline
 90
6
 70
1
 10
97.25174579450399
 20
104.3670592217177
 10
104.64182924013119
 20
104.3670592217177
 10
108.3368709629448
 20
110.76705922171769
 10
104.64182924013119
 20
117.1670592217177
 10
97.25174579450399
 20
117.1670592217177
 10
93.55670407169038
 20
110.76705922171769
  0
LWPOLYLINE
  5
105
330
17
100
AcDbEntity
  8
CUT
100
AcDbPolyline
 90
6
 70
1
 10
70.40495827718638
 20
104.3670592217177
 10
77.7950417228136
 20
104.3670592217177
 10
81.49008344562719
 20
110.76705922171769
 10
77.79504172281358
 20
117.1670592217177
 10
70.40495827718641
 20
117.1670592217177
 10
66.7099165543728
 20
110.76705922171769
  0
LWPOLYLINE
  5
106
330
17
100
AcDbEntity
  8
CUT
100
AcDbPolyline
 90
6
 70
1
 10
43.55817075986877
 20
104.3670592217177
 10
50.948254205495985
 20
104.3670592217177
 10
54.643295928309584
 20
110.76705922171769
 10
50.94825420549597
 20
117.1670592217177
 10
43.5581707598688
 20
117.1670592217177
 10
39.86312903705519
 20
110.76705922171769
  0
LWPOLYLINE
  5
107
330
17
100
AcDbEntity
  8
CUT
100
AcDbPolyline
 90
6
 70
1
 10
131.4886167574488
 20
104.3670592217177
 10
135.1836584802624
 20
110.76705922171769
 10
131.4886167574488
 20
117.1670592217177
 10
124.09853331182158
 20
117.1670592217177
 10
120.40349158900798
 20
110.76705922171769
 10
124.09853331182158
 20
104.3670592217177
  0
LWPOLYLINE
  5
108
330
17
100
AcDbEntity
  8
CUT
100
AcDbPolyline
 90
4
 70
1
 10
297.4
 20
101.41364737737416
 10
149.19999999999996
 20
101.41364737737416
 10
149.19999999999996
 20
151.12047106606124
 10
297.4
 20
151.12047106606124
  0
LWPOLYLINE
  5
109
330
17
100
AcDbEntity
  8
CUT
100
AcDbPolyline
 90
6
 70
1
 10
165.91138324255115
 20
135.36705922171768
 10
173.30146668817838
 20
135.36705922171768
 10
176.99650841099196
 20
141.7670592217177
 10
173.30146668817838
 20
148.1670592217177
 10
165.91138324255115
 20
148.1670592217177
 10
162.21634151973757
 20
141.7670592217177
  0
LWPOLYLINE
  5
10A
330
17
100
AcDbEntity
  8
CUT
100
AcDbPolyline
 90
6
 70
1
 10
273.29853331182153
 20
135.36705922171768
 10
280.68861675744876
 20
135.36705922171768
 10
284.38365848026234
 20
141.7670592217177
 10
280.68861675744876
 20
148.1670592217177
 10
273.29853331182153
 20
148.1670592217177
 10
269.60349158900794
 20
141.7670592217177
  0
LWPOLYLINE
  5
10B
330
17
100
AcDbEntity
  8
CUT
100
AcDbPolyline
 90
6
 70
1
 10
253.84182924013115
 20
135.36705922171768
 10
257.53687096294476
 20
141.7670592217177
 10
253.84182924013115
 20
148.1670592217177
 10
246.45174579450395
 20
148.1670592217177
 10
242.75670407169034
 20
141.7670592217177
 10
246.45174579450395
 20
135.36705922171768
  0
LWPOLYLINE
  5
10C
330
17
100
AcDbEntity
  8
CUT
100
AcDbPolyline
 90
6
 70
1
 10
219.60495827718634
 20
135.36705922171768
 10
226.99504172281354
 20
135.36705922171768
 10
230.69008344562718
 20
141.7670592217177
 10
226.99504172281354
 20
148.1670592217177
 10
219.60495827718637
 20
148.1670592217177
 10
215.90991655437273
 20
141.7670592217177
  0
LWPOLYLINE
  5
10D
330
17
100
AcDbEntity
  8
CUT
100
AcDbPolyline
 90
6
 70
1
 10
192.75817075986873
 20
135.36705922171768
 10
200.14825420549596
 20
135.36705922171768
 10
203.84329592830954
 20
141.7670592217177
 10
200.14825420549596
 20
148.1670592217177
 10
192.75817075986873
 20
148.1670592217177
 10
189.06312903705515
 20
141.7670592217177
  0
LWPOLYLINE
  5
10E
330
17
100
AcDbEntity
  8
CUT
100
AcDbPolyline
 90
6
 70
1
 10
259.87513955316274
 20
127.6170592217177
 10
267.26522299878997
 20
127.6170592217177
 10
270.96026472160355
 20
134.0170592217177
 10
267.26522299878997
 20
140.4170592217177
 10
259.87513955316274
 20
140.4170592217177
 10
256.18009783034915
 20
134.0170592217177
  0
LWPOLYLINE
  5
10F
330
17
100
AcDbEntity
  8
CUT
100
AcDbPolyline
 90
6
 70
1
 10
233.02835203584516
 20
127.6170592217177
 10
240.41843548147236
 20
127.6170592217177
 10
244.11347720428597
 20
134.0170592217177
 10
240.41843548147236
 20
140.4170592217177
 10
233.02835203584516
 20
140.4170592217177
 10
229.33331031303155
 20
134.0170592217177
  0
LWPOLYLINE
  5
110
330
17
100
AcDbEntity
  8
CUT
100
AcDbPolyline
 90
6
 70
1
 10
213.57164796415475
 20
127.6170592217177
 10
217.2666896869684
 20
134.0170592217177
 10
213.57164796415475
 20
140.4170592217177
 10
206.18156451852758
 20
140.4170592217177
 10
202.48652279571394
 20
134.0170592217177
 10
206.18156451852755
 20
127.6170592217177
  0
LWPOLYLINE
  5
111
330
17
100
AcDbEntity
  8
CUT
100
AcDbPolyline
 90
6
 70
1
 10
186.72486044683717
 20
127.6170592217177
 10
190.41990216965075
 20
134.0170592217177
 10
186.72486044683717
 20
140.4170592217177
 10
179.33477700120994
 20
140.4170592217177
 10
175.63973527839636
 20
134.0170592217177
 10
179.33477700120994
 20
127.6170592217177
  0
LWPOLYLINE
  5
112
330
17
100
AcDbEntity
  8
CUT
100
AcDbPolyline
 90
6
 70
1
 10
280.68861675744876
 20
119.8670592217177
 10
284.38365848026234
 20
126.26705922171769
 10
280.68861675744876
 20
132.6670592217177
 10
273.29853331182153
 20
132.6670592217177
 10
269.60349158900794
 20
126.26705922171769
 10
273.29853331182153
 20
119.8670592217177
  0
LWPOLYLINE
  5
113
330
17
100
AcDbEntity
  8
CUT
100
AcDbPolyline
 90
6
 70
1
 10
246.45174579450395
 20
119.8670592217177
 10
253.84182924013115
 20
119.8670592217177
 10
257.53687096294476
 20
126.26705922171769
 10
253.84182924013115
 20
132.6670592217177
 10
246.45174579450395
 20
132.6670592217177
 10
242.75670407169034
 20
126.26705922171769
  0
LWPOLYLINE
  5
114
330
17
100
AcDbEntity
  8
CUT
100
AcDbPolyline
 90
6
 70
1
 10
192.75817075986873
 20
119.8670592217177
 10
200.14825420549596
 20
119.8670592217177
 10
203.84329592830954
 20
126.26705922171769
 10
200.14825420549596
 20
132.6670592217177
 10
192.75817075986873
 20
132.6670592217177
 10
189.06312903705515
 20
126.26705922171769
  0
LWPOLYLINE
  5
115
330
17
100
AcDbEntity
  8
CUT
100
AcDbPolyline
 90
6
 70
1
 10
165.91138324255115
 20
119.8670592217177
 10
173.30146668817838
 20
119.8670592217177
 10
176.99650841099196
 20
126.26705922171769
 10
173.30146668817838
 20
132.6670592217177
 10
165.91138324255115
 20
132.6670592217177
 10
162.21634151973757
 20
126.26705922171769
  0
LWPOLYLINE
  5
116
330
17
100
AcDbEntity
  8
CUT
100
AcDbPolyline
 90
6
 70
1
 10
219.60495827718634
 20
119.8670592217177
 10
226.99504172281354
 20
119.8670592217177
 10
230.69008344562715
 20
126.26705922171769
 10
226.99504172281354
 20
132.6670592217177
 10
219.60495827718637
 20
132.6670592217177
 10
215.90991655437276
 20
126.26705922171769
  0
LWPOLYLINE
  5
117
330
17
100
AcDbEntity
  8
CUT
100
AcDbPolyline
 90
6
 70
1
 10
267.26522299878997
 20
112.1170592217177
 10
270.96026472160355
 20
118.51705922171769
 10
267.26522299878997
 20
124.9170592217177
 10
259.87513955316274
 20
124.9170592217177
 10
256.18009783034915
 20
118.51705922171769
 10
259.87513955316274
 20
112.1170592217177
  0
LWPOLYLINE
  5
118
330
17
100
AcDbEntity
  8
CUT
100
AcDbPolyline
 90
6
 70
1
 10
240.41843548147236
 20
112.1170592217177
 10
244.11347720428597
 20
118.51705922171769
 10
240.41843548147236
 20
124.9170592217177
 10
233.02835203584516
 20
124.9170592217177
 10
229.33331031303157
 20
118.51705922171769
 10
233.02835203584516
 20
112.1170592217177
  0
LWPOLYLINE
  5
119
330
17
100
AcDbEntity
  8
CUT
100
AcDbPolyline
 90
6
 70
1
 10
213.57164796415475
 20
112.1170592217177
 10
217.26668968696836
 20
118.51705922171769
 10
213.57164796415475
 20
124.9170592217177
 10
206.18156451852758
 20
124.9170592217177
 10
202.48652279571397
 20
118.51705922171769
 10
206.18156451852758
 20
112.1170592217177
  0
LWPOLYLINE
  5
11A
330
17
100
AcDbEntity
  8
CUT
100
AcDbPolyline
 90
6
 70
1
 10
179.33477700120994
 20
112.1170592217177
 10
186.72486044683714
 20
112.1170592217177
 10
190.41990216965075
 20
118.51705922171769
 10
186.72486044683717
 20
124.9170592217177
 10
179.33477700120994
 20
124.9170592217177
 10
175.63973527839636
 20
118.51705922171769
  0
LWPOLYLINE
  5
11B
330
17
100
AcDbEntity
  8
CUT
100
AcDbPolyline
 90
6
 70
1
 10
173.30146668817838
 20
104.3670592217177
 10
176.99650841099196
 20
110.76705922171769
 10
173.30146668817835
 20
117.1670592217177
 10
165.91138324255115
 20
117.1670592217177
 10
162.21634151973757
 20
110.76705922171769
 10
165.91138324255115
 20
104.3670592217177
  0
LWPOLYLINE
  5
11C
330
17
100
AcDbEntity
  8
CUT
100
AcDbPolyline
 90
6
 70
1
 10
246.45174579450395
 20
104.3670592217177
 10
253.84182924013115
 20
104.3670592217177
 10
257.53687096294476
 20
110.76705922171769
 10
253.84182924013115
 20
117.1670592217177
 10
246.45174579450395
 20
117.1670592217177
 10
242.75670407169034
 20
110.76705922171769
  0
LWPOLYLINE
  5
11D
330
17
100
AcDbEntity
  8
CUT
100
AcDbPolyline
 90
6
 70
1
 10
219.60495827718634
 20
104.3670592217177
 10
226.99504172281354
 20
104.3670592217177
 10
230.69008344562715
 20
110.76705922171769
 10
226.99504172281354
 20
117.1670592217177
 10
219.60495827718637
 20
117.1670592217177
 10
215.90991655437276
 20
110.76705922171769
  0
LWPOLYLINE
  5
11E
330
17
100
AcDbEntity
  8
CUT
100
AcDbPolyline
 90
6
 70
1
 10
192.75817075986873
 20
104.3670592217177
 10
200.14825420549596
 20
104.3670592217177
 10
203.84329592830954
 20
110.76705922171769
 10
200.14825420549593
 20
117.1670592217177
 10
192.75817075986876
 20
117.1670592217177
 10
189.06312903705515
 20
110.76705922171769
  0
LWPOLYLINE
  5
11F
330
17
100
AcDbEntity
  8
CUT
100
AcDbPolyline
 90
6
 70
1
 10
280.68861675744876
 20
104.3670592217177
 10
284.38365848026234
 20
110.76705922171769
 10
280.68861675744876
 20
117.1670592217177
 10
273.29853331182153
 20
117.1670592217177
 10
269.60349158900794
 20
110.76705922171769
 10
273.29853331182153
 20
104.3670592217177
  0
LWPOLYLINE
  5
120
330
17
100
AcDbEntity
  8
CUT
100
AcDbPolyline
 90
4
 70
1
 10
446.6
 20
101.41364737737416
 10
298.4
 20
101.41364737737416
 10
298.4
 20
151.12047106606124
 10
446.6
 20
151.12047106606124
  0
LWPOLYLINE
  5
121
330
17
100
AcDbEntity
  8
CUT
100
AcDbPolyline
 90
6
 70
1
 10
315.1113832425512
 20
135.36705922171768
 10
322.5014666881784
 20
135.36705922171768
 10
326.196508410992
 20
141.7670592217177
 10
322.5014666881784
 20
148.1670592217177
 10
315.1113832425512
 20
148.1670592217177
 10
311.4163415197376
 20
141.7670592217177
  0
LWPOLYLINE
  5
122
330
17
100
AcDbEntity
  8
CUT
100
AcDbPolyline
 90
6
 70
1
 10
422.4985333118216
 20
135.36705922171768
 10
429.8886167574488
 20
135.36705922171768
 10
433.5836584802624
 20
141.7670592217177
 10
429.8886167574488
 20
148.1670592217177
 10
422.4985333118216
 20
148.1670592217177
 10
418.803491589008
 20
141.7670592217177
  0
LWPOLYLINE
  5
123
330
17
100
AcDbEntity
  8
CUT
100
AcDbPolyline
 90
6
 70
1
 10
403.0418292401312
 20
135.36705922171768
 10
406.7368709629448
 20
141.7670592217177
 10
403.04182924013116
 20
148.1670592217177
 10
395.651745794504
 20
148.1670592217177
 10
391.9567040716904
 20
141.7670592217177
 10
395.651745794504
 20
135.36705922171768
  0
LWPOLYLINE
  5
124
330
17
100
AcDbEntity
  8
CUT
100
AcDbPolyline
 90
6
 70
1
 10
368.8049582771864
 20
135.36705922171768
 10
376.1950417228136
 20
135.36705922171768
 10
379.8900834456272
 20
141.7670592217177
 10
376.1950417228136
 20
148.1670592217177
 10
368.8049582771864
 20
148.1670592217177
 10
365.1099165543728
 20
141.7670592217177
  0
LWPOLYLINE
  5
125
330
17
100
AcDbEntity
  8
CUT
100
AcDbPolyline
 90
6
 70
1
 10
341.9581707598688
 20
135.36705922171768
 10
349.348254205496
 20
135.36705922171768
 10
353.0432959283096
 20
141.7670592217177
 10
349.348254205496
 20
148.1670592217177
 10
341.9581707598688
 20
148.1670592217177
 10
338.2631290370552
 20
141.7670592217177
  0
LWPOLYLINE
  5
126
330
17
100
AcDbEntity
  8
CUT
100
AcDbPolyline
 90
6
 70
1
 10
409.0751395531628
 20
127.6170592217177
 10
416.46522299879
 20
127.6170592217177
 10
420.1602647216036
 20
134.0170592217177
 10
416.46522299879
 20
140.4170592217177
 10
409.0751395531628
 20
140.4170592217177
 10
405.3800978303492
 20
134.0170592217177
  0
LWPOLYLINE
  5
127
330
17
100
AcDbEntity
  8
CUT
100
AcDbPolyline
 90
6
 70
1
 10
382.2283520358452
 20
127.6170592217177
 10
389.6184354814724
 20
127.6170592217177
 10
393.313477204286
 20
134.0170592217177
 10
389.6184354814724
 20
140.4170592217177
 10
382.2283520358452
 20
140.4170592217177
 10
378.5333103130316
 20
134.0170592217177
  0
LWPOLYLINE
  5
128
330
17
100
AcDbEntity
  8
CUT
100
AcDbPolyline
 90
6
 70
1
 10
362.7716479641548
 20
127.6170592217177
 10
366.46668968696844
 20
134.0170592217177
 10
362.7716479641548
 20
140.4170592217177
 10
355.3815645185276
 20
140.4170592217177
 10
351.686522795714
 20
134.0170592217177
 10
355.3815645185276
 20
127.6170592217177
  0
LWPOLYLINE
  5
129
330
17
100
AcDbEntity
  8
CUT
100
AcDbPolyline
 90
6
 70
1
 10
335.9248604468372
 20
127.6170592217177
 10
339.6199021696508
 20
134.0170592217177
 10
335.9248604468372
 20
140.4170592217177
 10
328.53477700121
 20
140.4170592217177
 10
324.8397352783964
 20
134.0170592217177
 10
328.53477700121
 20
127.6170592217177
  0
LWPOLYLINE
  5
12A
330
17
100
AcDbEntity
  8
CUT
100
AcDbPolyline
 90
6
 70
1
 10
429.8886167574488
 20
119.8670592217177
 10
433.5836584802624
 20
126.26705922171769
 10
429.8886167574488
 20
132.6670592217177
 10
422.4985333118216
 20
132.6670592217177
 10
418.803491589008
 20
126.26705922171769
 10
422.4985333118216
 20
119.8670592217177
  0
LWPOLYLINE
  5
12B
330
17
100
AcDbEntity
  8
CUT
100
AcDbPolyline
 90
6
 70
1
 10
395.651745794504
 20
119.8670592217177
 10
403.0418292401312
 20
119.8670592217177
 10
406.7368709629448
 20
126.26705922171769
 10
403.04182924013116
 20
132.6670592217177
 10
395.651745794504
 20
132.6670592217177
 10
391.9567040716904
 20
126.26705922171769
  0
LWPOLYLINE
  5
12C
330
17
100
AcDbEntity
  8
CUT
100
AcDbPolyline
 90
6
 70
1
 10
341.9581707598688
 20
119.8670592217177
 10
349.348254205496
 20
119.8670592217177
 10
353.0432959283096
 20
126.26705922171769
 10
349.348254205496
 20
132.6670592217177
 10
341.9581707598688
 20
132.6670592217177
 10
338.2631290370552
 20
126.26705922171769
  0
LWPOLYLINE
  5
12D
330
17
100
AcDbEntity
  8
CUT
100
AcDbPolyline
 90
6
 70
1
 10
315.1113832425512
 20
119.8670592217177
 10
322.5014666881784
 20
119.8670592217177
 10
326.196508410992
 20
126.26705922171769
 10
322.5014666881784
 20
132.6670592217177
 10
315.1113832425512
 20
132.6670592217177
 10
311.4163415197376
 20
126.26705922171769
  0
LWPOLYLINE
  5
12E
330
17
100
AcDbEntity
  8
CUT
100
AcDbPolyline
 90
6
 70
1
 10
368.8049582771864
 20
119.8670592217177
 10
376.1950417228136
 20
119.8670592217177
 10
379.89008344562717
 20
126.26705922171769
 10
376.1950417228136
 20
132.6670592217177
 10
368.8049582771864
 20
132.6670592217177
 10
365.10991655437283
 20
126.26705922171769
  0
LWPOLYLINE
  5
12F
330
17
100
AcDbEntity
  8
CUT
100
AcDbPolyline
 90
6
 70
1
 10
416.46522299879
 20
112.1170592217177
 10
420.1602647216036
 20
118.51705922171769
 10
416.46522299879
 20
124.9170592217177
 10
409.0751395531628
 20
124.9170592217177
 10
405.3800978303492
 20
118.51705922171769
 10
409.0751395531628
 20
112.1170592217177
  0
LWPOLYLINE
  5
130
330
17
100
AcDbEntity
  8
CUT
100
AcDbPolyline
 90
6
 70
1
 10
389.6184354814724
 20
112.1170592217177
 10
393.313477204286
 20
118.51705922171769
 10
389.6184354814724
 20
124.9170592217177
 10
382.2283520358452
 20
124.9170592217177
 10
378.5333103130316
 20
118.51705922171769
 10
382.2283520358452
 20
112.1170592217177
  0
LWPOLYLINE
  5
131
330
17
100
AcDbEntity
  8
CUT
100
AcDbPolyline
 90
6
 70
1
 10
362.7716479641548
 20
112.1170592217177
 10
366.4666896869684
 20
118.51705922171769
 10
362.7716479641548
 20
124.9170592217177
 10
355.3815645185276
 20
124.9170592217177
 10
351.68652279571404
 20
118.51705922171769
 10
355.3815645185276
 20
112.1170592217177
  0
LWPOLYLINE
  5
132
330
17
100
AcDbEntity
  8
CUT
100
AcDbPolyline
 90
6
 70
1
 10
328.53477700121
 20
112.1170592217177
 10
335.9248604468372
 20
112.1170592217177
 10
339.6199021696508
 20
118.51705922171769
 10
335.9248604468372
 20
124.9170592217177
 10
328.53477700121
 20
124.9170592217177
 10
324.8397352783964
 20
118.51705922171769
  0
LWPOLYLINE
  5
133
330
17
100
AcDbEntity
  8
CUT
100
AcDbPolyline
 90
6
 70
1
 10
322.5014666881784
 20
104.3670592217177
 10
326.196508410992
 20
110.76705922171769
 10
322.5014666881784
 20
117.1670592217177
 10
315.1113832425512
 20
117.1670592217177
 10
311.4163415197376
 20
110.76705922171769
 10
315.1113832425512
 20
104.3670592217177
  0
LWPOLYLINE
  5
134
330
17
100
AcDbEntity
  8
CUT
100
AcDbPolyline
 90
6
 70
1
 10
395.651745794504
 20
104.3670592217177
 10
403.0418292401312
 20
104.3670592217177
 10
406.7368709629448
 20
110.76705922171769
 10
403.04182924013116
 20
117.1670592217177
 10
395.651745794504
 20
117.1670592217177
 10
391.9567040716904
 20
110.76705922171769
  0
LWPOLYLINE
  5
135
330
17
100
AcDbEntity
  8
CUT
100
AcDbPolyline
 90
6
 70
1
 10
368.8049582771864
 20
104.3670592217177
 10
376.1950417228136
 20
104.3670592217177
 10
379.89008344562717
 20
110.76705922171769
 10
376.1950417228136
 20
117.1670592217177
 10
368.8049582771864
 20
117.1670592217177
 10
365.10991655437283
 20
110.76705922171769
  0
LWPOLYLINE
  5
136
330
17
100
AcDbEntity
  8
CUT
100
AcDbPolyline
 90
6
 70
1
 10
341.9581707598688
 20
104.3670592217177
 10
349.348254205496
 20
104.3670592217177
 10
353.0432959283096
 20
110.76705922171769
 10
349.348254205496
 20
117.1670592217177
 10
341.95817075986884
 20
117.1670592217177
 10
338.2631290370552
 20
110.76705922171769
  0
LWPOLYLINE
  5
137
330
17
100
AcDbEntity
  8
CUT
100
AcDbPolyline
 90
6
 70
1
 10
429.8886167574488
 20
104.3670592217177
 10
433.5836584802624
 20
110.76705922171769
 10
429.8886167574488
 20
117.1670592217177
 10
422.4985333118216
 20
117.1670592217177
 10
418.803491589008
 20
110.76705922171769
 10
422.4985333118216
 20
104.3670592217177
  0
LWPOLYLINE
  5
138
330
17
100
AcDbEntity
  8
CUT
100
AcDbPolyline
 90
4
 70
1
 10
595.8
 20
101.41364737737416
 10
447.5999999999999
 20
101.41364737737416
 10
447.5999999999999
 20
151.12047106606124
 10
595.8
 20
151.12047106606124
  0
LWPOLYLINE
  5
139
330
17
100
AcDbEntity
  8
CUT
100
AcDbPolyline
 90
6
 70
1
 10
464.31138324255113
 20
135.36705922171768
 10
471.70146668817836
 20
135.36705922171768
 10
475.39650841099194
 20
141.7670592217177
 10
471.70146668817836
 20
148.1670592217177
 10
464.31138324255113
 20
148.1670592217177
 10
460.61634151973755
 20
141.7670592217177
  0
LWPOLYLINE
  5
13A
330
17
100
AcDbEntity
  8
CUT
100
AcDbPolyline
 90
6
 70
1
 10
571.6985333118215
 20
135.36705922171768
 10
579.0886167574488
 20
135.36705922171768
 10
582.7836584802624
 20
141.7670592217177
 10
579.0886167574488
 20
148.1670592217177
 10
571.6985333118215
 20
148.1670592217177
 10
568.0034915890079
 20
141.7670592217177
  0
LWPOLYLINE
  5
13B
330
17
100
AcDbEntity
  8
CUT
100
AcDbPolyline
 90
6
 70
1
 10
552.2418292401311
 20
135.36705922171768
 10
555.9368709629448
 20
141.7670592217177
 10
552.2418292401311
 20
148.1670592217177
 10
544.8517457945039
 20
148.1670592217177
 10
541.1567040716903
 20
141.7670592217177
 10
544.8517457945039
 20
135.36705922171768
  0
LWPOLYLINE
  5
13C
330
17
100
AcDbEntity
  8
CUT
100
AcDbPolyline
 90
6
 70
1
 10
518.0049582771863
 20
135.36705922171768
 10
525.3950417228135
 20
135.36705922171768
 10
529.0900834456271
 20
141.7670592217177
 10
525.3950417228135
 20
148.1670592217177
 10
518.0049582771863
 20
148.1670592217177
 10
514.3099165543728
 20
141.7670592217177
  0
LWPOLYLINE
  5
13D
330
17
100
AcDbEntity
  8
CUT
100
AcDbPolyline
 90
6
 70
1
 10
491.1581707598687
 20
135.36705922171768
 10
498.54825420549594
 20
135.36705922171768
 10
502.2432959283095
 20
141.7670592217177
 10
498.54825420549594
 20
148.1670592217177
 10
491.1581707598687
 20
148.1670592217177
 10
487.4631290370551
 20
141.7670592217177
  0
LWPOLYLINE
  5
13E
330
17
100
AcDbEntity
  8
CUT
100
AcDbPolyline
 90
6
 70
1
 10
558.2751395531627
 20
127.6170592217177
 10
565.6652229987899
 20
127.6170592217177
 10
569.3602647216036
 20
134.0170592217177
 10
565.6652229987899
 20
140.4170592217177
 10
558.2751395531627
 20
140.4170592217177
 10
554.5800978303491
 20
134.0170592217177
  0
LWPOLYLINE
  5
13F
330
17
100
AcDbEntity
  8
CUT
100
AcDbPolyline
 90
6
 70
1
 10
531.4283520358451
 20
127.6170592217177
 10
538.8184354814723
 20
127.6170592217177
 10
542.5134772042859
 20
134.0170592217177
 10
538.8184354814723
 20
140.4170592217177
 10
531.4283520358451
 20
140.4170592217177
 10
527.7333103130316
 20
134.0170592217177
  0
LWPOLYLINE
  5
140
330
17
100
AcDbEntity
  8
CUT
100
AcDbPolyline
 90
6
 70
1
 10
511.9716479641547
 20
127.6170592217177
 10
515.6666896869683
 20
134.0170592217177
 10
511.9716479641547
 20
140.4170592217177
 10
504.58156451852756
 20
140.4170592217177
 10
500.8865227957139
 20
134.0170592217177
 10
504.58156451852756
 20
127.6170592217177
  0
LWPOLYLINE
  5
141
330
17
100
AcDbEntity
  8
CUT
100
AcDbPolyline
 90
6
 70
1
 10
485.12486044683715
 20
127.6170592217177
 10
488.81990216965073
 20
134.0170592217177
 10
485.12486044683715
 20
140.4170592217177
 10
477.7347770012099
 20
140.4170592217177
 10
474.03973527839634
 20
134.0170592217177
 10
477.7347770012099
 20
127.6170592217177
  0
LWPOLYLINE
  5
142
330
17
100
AcDbEntity
  8
CUT
100
AcDbPolyline
 90
6
 70
1
 10
579.0886167574487
 20
119.8670592217177
 10
582.7836584802624
 20
126.26705922171769
 10
579.0886167574487
 20
132.6670592217177
 10
571.6985333118215
 20
132.6670592217177
 10
568.0034915890079
 20
126.26705922171769
 10
571.6985333118215
 20
119.8670592217177
  0
LWPOLYLINE
  5
143
330
17
100
AcDbEntity
  8
CUT
100
AcDbPolyline
 90
6
 70
1
 10
544.8517457945039
 20
119.8670592217177
 10
552.2418292401311
 20
119.8670592217177
 10
555.9368709629448
 20
126.26705922171769
 10
552.2418292401311
 20
132.6670592217177
 10
544.8517457945039
 20
132.6670592217177
 10
541.1567040716903
 20
126.26705922171769
  0
LWPOLYLINE
  5
144
330
17
100
AcDbEntity
  8
CUT
100
AcDbPolyline
 90
6
 70
1
 10
491.1581707598687
 20
119.8670592217177
 10
498.54825420549594
 20
119.8670592217177
 10
502.2432959283095
 20
126.26705922171769
 10
498.54825420549594
 20
132.6670592217177
 10
491.1581707598687
 20
132.6670592217177
 10
487.4631290370551
 20
126.26705922171769
  0
LWPOLYLINE
  5
145
330
17
100
AcDbEntity
  8
CUT
100
AcDbPolyline
 90
6
 70
1
 10
464.31138324255113
 20
119.8670592217177
 10
471.70146668817836
 20
119.8670592217177
 10
475.39650841099194
 20
126.26705922171769
 10
471.70146668817836
 20
132.6670592217177
 10
464.31138324255113
 20
132.6670592217177
 10
460.61634151973755
 20
126.26705922171769
  0
LWPOLYLINE
  5
146
330
17
100
AcDbEntity
  8
CUT
100
AcDbPolyline
 90
6
 70
1
 10
518.0049582771863
 20
119.8670592217177
 10
525.3950417228135
 20
119.8670592217177
 10
529.0900834456271
 20
126.26705922171769
 10
525.3950417228135
 20
132.6670592217177
 10
518.0049582771863
 20
132.6670592217177
 10
514.3099165543728
 20
126.26705922171769
  0
LWPOLYLINE
  5
147
330
17
100
AcDbEntity
  8
CUT
100
AcDbPolyline
 90
6
 70
1
 10
565.6652229987899
 20
112.1170592217177
 10
569.3602647216036
 20
118.51705922171769
 10
565.6652229987899
 20
124.9170592217177
 10
558.2751395531627
 20
124.9170592217177
 10
554.5800978303491
 20
118.51705922171769
 10
558.2751395531627
 20
112.1170592217177
  0
LWPOLYLINE
  5
148
330
17
100
AcDbEntity
  8
CUT
100
AcDbPolyline
 90
6
 70
1
 10
538.8184354814723
 20
112.1170592217177
 10
542.5134772042859
 20
118.51705922171769
 10
538.8184354814723
 20
124.9170592217177
 10
531.4283520358451
 20
124.9170592217177
 10
527.7333103130316
 20
118.51705922171769
 10
531.4283520358451
 20
112.1170592217177
  0
LWPOLYLINE
  5
149
330
17
100
AcDbEntity
  8
CUT
100
AcDbPolyline
 90
6
 70
1
 10
511.9716479641547
 20
112.1170592217177
 10
515.6666896869683
 20
118.51705922171769
 10
511.9716479641547
 20
124.9170592217177
 10
504.58156451852756
 20
124.9170592217177
 10
500.886522795714
 20
118.51705922171769
 10
504.58156451852756
 20
112.1170592217177
  0
LWPOLYLINE
  5
14A
330
17
100
AcDbEntity
  8
CUT
100
AcDbPolyline
 90
6
 70
1
 10
477.7347770012099
 20
112.1170592217177
 10
485.12486044683715
 20
112.1170592217177
 10
488.81990216965073
 20
118.51705922171769
 10
485.12486044683715
 20
124.9170592217177
 10
477.7347770012099
 20
124.9170592217177
 10
474.03973527839634
 20
118.51705922171769
  0
LWPOLYLINE
  5
14B
330
17
100
AcDbEntity
  8
CUT
100
AcDbPolyline
 90
6
 70
1
 10
471.70146668817836
 20
104.3670592217177
 10
475.39650841099194
 20
110.76705922171769
 10
471.70146668817836
 20
117.1670592217177
 10
464.31138324255113
 20
117.1670592217177
 10
460.61634151973755
 20
110.76705922171769
 10
464.31138324255113
 20
104.3670592217177
  0
LWPOLYLINE
  5
14C
330
17
100
AcDbEntity
  8
CUT
100
AcDbPolyline
 90
6
 70
1
 10
544.8517457945039
 20
104.3670592217177
 10
552.2418292401311
 20
104.3670592217177
 10
555.9368709629448
 20
110.76705922171769
 10
552.2418292401311
 20
117.1670592217177
 10
544.8517457945039
 20
117.1670592217177
 10
541.1567040716903
 20
110.76705922171769
  0
LWPOLYLINE
  5
14D
330
17
100
AcDbEntity
  8
CUT
100
AcDbPolyline
 90
6
 70
1
 10
518.0049582771863
 20
104.3670592217177
 10
525.3950417228135
 20
104.3670592217177
 10
529.0900834456271
 20
110.76705922171769
 10
525.3950417228135
 20
117.1670592217177
 10
518.0049582771863
 20
117.1670592217177
 10
514.3099165543728
 20
110.76705922171769
  0
LWPOLYLINE
  5
14E
330
17
100
AcDbEntity
  8
CUT
100
AcDbPolyline
 90
6
 70
1
 10
491.1581707598687
 20
104.3670592217177
 10
498.54825420549594
 20
104.3670592217177
 10
502.2432959283095
 20
110.76705922171769
 10
498.54825420549594
 20
117.1670592217177
 10
491.15817075986877
 20
117.1670592217177
 10
487.4631290370551
 20
110.76705922171769
  0
LWPOLYLINE
  5
14F
330
17
100
AcDbEntity
  8
CUT
100
AcDbPolyline
 90
6
 70
1
 10
579.0886167574487
 20
104.3670592217177
 10
582.7836584802624
 20
110.76705922171769
 10
579.0886167574487
 20
117.1670592217177
 10
571.6985333118215
 20
117.1670592217177
 10
568.0034915890079
 20
110.76705922171769
 10
571.6985333118215
 20
104.3670592217177
  0
LWPOLYLINE
  5
150
330
17
100
AcDbEntity
  8
CUT
100
AcDbPolyline
 90
4
 70
1
 10
148.2
 20
152.12047106606124
 10
0.0
 20
152.12047106606124
 10
0.0
 20
201.82729475474832
 10
148.2
 20
201.82729475474832
  0
LWPOLYLINE
  5
151
330
17
100
AcDbEntity
  8
CUT
100
AcDbPolyline
 90
6
 70
1
 10
16.711383242551193
 20
186.0738829104048
 10
24.101466688178405
 20
186.0738829104048
 10
27.79650841099202
 20
192.47388291040477
 10
24.101466688178405
 20
198.87388291040477
 10
16.711383242551193
 20
198.87388291040477
 10
13.016341519737608
 20
192.47388291040477
  0
LWPOLYLINE
  5
152
330
17
100
AcDbEntity
  8
CUT
100
AcDbPolyline
 90
6
 70
1
 10
124.09853331182158
 20
186.0738829104048
 10
131.4886167574488
 20
186.0738829104048
 10
135.1836584802624
 20
192.47388291040477
 10
131.4886167574488
 20
198.87388291040477
 10
124.09853331182158
 20
198.87388291040477
 10
120.40349158900798
 20
192.47388291040477
  0
LWPOLYLINE
  5
153
330
17
100
AcDbEntity
  8
CUT
100
AcDbPolyline
 90
6
 70
1
 10
104.64182924013119
 20
186.0738829104048
 10
108.3368709629448
 20
192.47388291040477
 10
104.64182924013119
 20
198.87388291040477
 10
97.25174579450399
 20
198.87388291040477
 10
93.55670407169038
 20
192.47388291040477
 10
97.25174579450399
 20
186.0738829104048
  0
LWPOLYLINE
  5
154
330
17
100
AcDbEntity
  8
CUT
100
AcDbPolyline
 90
6
 70
1
 10
70.40495827718638
 20
186.0738829104048
 10
77.7950417228136
 20
186.0738829104048
 10
81.4900834456272
 20
192.47388291040477
 10
77.7950417228136
 20
198.87388291040477
 10
70.4049582771864
 20
198.87388291040477
 10
66.70991655437278
 20
192.47388291040477
  0
LWPOLYLINE
  5
155
330
17
100
AcDbEntity
  8
CUT
100
AcDbPolyline
 90
6
 70
1
 10
43.55817075986877
 20
186.0738829104048
 10
50.948254205495985
 20
186.0738829104048
 10
54.6432959283096
 20
192.47388291040477
 10
50.948254205495985
 20
198.87388291040477
 10
43.55817075986879
 20
198.87388291040477
 10
39.863129037055174
 20
192.47388291040477
  0
LWPOLYLINE
  5
156
330
17
100
AcDbEntity
  8
CUT
100
AcDbPolyline
 90
6
 70
1
 10
110.67513955316278
 20
178.3238829104048
 10
118.06522299878999
 20
178.3238829104048
 10
121.7602647216036
 20
184.72388291040477
 10
118.06522299879
 20
191.12388291040477
 10
110.67513955316278
 20
191.12388291040477
 10
106.98009783034918
 20
184.72388291040477
  0
LWPOLYLINE
  5
157
330
17
100
AcDbEntity
  8
CUT
100
AcDbPolyline
 90
6
 70
1
 10
83.82835203584519
 20
178.3238829104048
 10
91.2184354814724
 20
178.3238829104048
 10
94.91347720428601
 20
184.72388291040477
 10
91.2184354814724
 20
191.12388291040477
 10
83.82835203584519
 20
191.12388291040477
 10
80.13331031303159
 20
184.72388291040477
  0
LWPOLYLINE
  5
158
330
17
100
AcDbEntity
  8
CUT
100
AcDbPolyline
 90
6
 70
1
 10
64.3716479641548
 20
178.3238829104048
 10
68.06668968696842
 20
184.72388291040477
 10
64.3716479641548
 20
191.12388291040477
 10
56.981564518527605
 20
191.12388291040477
 10
53.28652279571399
 20
184.72388291040477
 10
56.98156451852759
 20
178.3238829104048
  0
LWPOLYLINE
  5
159
330
17
100
AcDbEntity
  8
CUT
100
AcDbPolyline
 90
6
 70
1
 10
37.524860446837195
 20
178.3238829104048
 10
41.21990216965081
 20
184.72388291040477
 10
37.524860446837195
 20
191.12388291040477
 10
30.134777001209997
 20
191.12388291040477
 10
26.439735278396384
 20
184.72388291040477
 10
30.134777001209983
 20
178.3238829104048
  0
LWPOLYLINE
  5
15A
330
17
100
AcDbEntity
  8
CUT
100
AcDbPolyline
 90
6
 70
1
 10
131.4886167574488
 20
170.5738829104048
 10
135.1836584802624
 20
176.97388291040477
 10
131.4886167574488
 20
183.37388291040477
 10
124.09853331182158
 20
183.37388291040477
 10
120.40349158900798
 20
176.97388291040477
 10
124.09853331182158
 20
170.5738829104048
  0
LWPOLYLINE
  5
15B
330
17
100
AcDbEntity
  8
CUT
100
AcDbPolyline
 90
6
 70
1
 10
97.25174579450399
 20
170.5738829104048
 10
104.64182924013119
 20
170.5738829104048
 10
108.3368709629448
 20
176.97388291040477
 10
104.64182924013119
 20
183.37388291040477
 10
97.25174579450399
 20
183.37388291040477
 10
93.55670407169038
 20
176.97388291040477
  0
LWPOLYLINE
  5
15C
330
17
100
AcDbEntity
  8
CUT
100
AcDbPolyline
 90
6
 70
1
 10
43.55817075986877
 20
170.5738829104048
 10
50.948254205495985
 20
170.5738829104048
 10
54.643295928309584
 20
176.97388291040477
 10
50.948254205495985
 20
183.37388291040477
 10
43.55817075986879
 20
183.37388291040477
 10
39.86312903705519
 20
176.97388291040477
  0
LWPOLYLINE
  5
15D
330
17
100
AcDbEntity
  8
CUT
100
AcDbPolyline
 90
6
 70
1
 10
16.711383242551193
 20
170.5738829104048
 10
24.101466688178405
 20
170.5738829104048
 10
27.796508410992004
 20
176.97388291040477
 10
24.101466688178405
 20
183.37388291040477
 10
16.711383242551193
 20
183.37388291040477
 10
13.016341519737608
 20
176.97388291040477
  0
LWPOLYLINE
  5
15E
330
17
100
AcDbEntity
  8
CUT
100
AcDbPolyline
 90
6
 70
1
 10
70.40495827718638
 20
170.5738829104048
 10
77.7950417228136
 20
170.5738829104048
 10
81.49008344562719
 20
176.97388291040477
 10
77.7950417228136
 20
183.37388291040477
 10
70.4049582771864
 20
183.37388291040477
 10
66.7099165543728
 20
176.97388291040477
  0
LWPOLYLINE
  5
15F
330
17
100
AcDbEntity
  8
CUT
100
AcDbPolyline
 90
6
 70
1
 10
118.06522299878999
 20
162.82388291040476
 10
121.7602647216036
 20
169.22388291040477
 10
118.06522299878999
 20
175.62388291040477
 10
110.67513955316278
 20
175.62388291040477
 10
106.98009783034918
 20
169.22388291040477
 10
110.67513955316278
 20
162.82388291040476
  0
LWPOLYLINE
  5
160
330
17
100
AcDbEntity
  8
CUT
100
AcDbPolyline
 90
6
 70
1
 10
91.2184354814724
 20
162.82388291040476
 10
94.91347720428601
 20
169.22388291040477
 10
91.2184354814724
 20
175.62388291040477
 10
83.82835203584519
 20
175.62388291040477
 10
80.1333103130316
 20
169.22388291040477
 10
83.8283520358452
 20
162.82388291040476
  0
LWPOLYLINE
  5
161
330
17
100
AcDbEntity
  8
CUT
100
AcDbPolyline
 90
6
 70
1
 10
64.37164796415479
 20
162.82388291040476
 10
68.0666896869684
 20
169.22388291040477
 10
64.3716479641548
 20
175.62388291040477
 10
56.981564518527605
 20
175.62388291040477
 10
53.286522795714006
 20
169.22388291040477
 10
56.981564518527605
 20
162.82388291040476
  0
LWPOLYLINE
  5
162
330
17
100
AcDbEntity
  8
CUT
100
AcDbPolyline
 90
6
 70
1
 10
30.134777001209997
 20
162.82388291040476
 10
37.52486044683718
 20
162.82388291040476
 10
41.219902169650794
 20
169.22388291040477
 10
37.524860446837195
 20
175.62388291040477
 10
30.134777001209997
 20
175.62388291040477
 10
26.439735278396398
 20
169.22388291040477
  0
LWPOLYLINE
  5
163
330
17
100
AcDbEntity
  8
CUT
100
AcDbPolyline
 90
6
 70
1
 10
24.101466688178405
 20
155.07388291040476
 10
27.796508410992004
 20
161.47388291040477
 10
24.10146668817839
 20
167.87388291040477
 10
16.711383242551193
 20
167.87388291040477
 10
13.016341519737608
 20
161.47388291040477
 10
16.711383242551193
 20
155.07388291040476
  0
LWPOLYLINE
  5
164
330
17
100
AcDbEntity
  8
CUT
100
AcDbPolyline
 90
6
 70
1
 10
97.25174579450399
 20
155.07388291040476
 10
104.64182924013119
 20
155.07388291040476
 10
108.3368709629448
 20
161.47388291040477
 10
104.64182924013119
 20
167.87388291040477
 10
97.25174579450399
 20
167.87388291040477
 10
93.55670407169038
 20
161.47388291040477
  0
LWPOLYLINE
  5
165
330
17
100
AcDbEntity
  8
CUT
100
AcDbPolyline
 90
6
 70
1
 10
70.40495827718638
 20
155.07388291040476
 10
77.7950417228136
 20
155.07388291040476
 10
81.49008344562719
 20
161.47388291040477
 10
77.79504172281358
 20
167.87388291040477
 10
70.40495827718641
 20
167.87388291040477
 10
66.7099165543728
 20
161.47388291040477
  0
LWPOLYLINE
  5
166
330
17
100
AcDbEntity
  8
CUT
100
AcDbPolyline
 90
6
 70
1
 10
43.55817075986877
 20
155.07388291040476
 10
50.948254205495985
 20
155.07388291040476
 10
54.643295928309584
 20
161.47388291040477
 10
50.94825420549597
 20
167.87388291040477
 10
43.5581707598688
 20
167.87388291040477
 10
39.86312903705519
 20
161.47388291040477
  0
LWPOLYLINE
  5
167
330
17
100
AcDbEntity
  8
CUT
100
AcDbPolyline
 90
6
 70
1
 10
131.4886167574488
 20
155.07388291040476
 10
135.1836584802624
 20
161.47388291040477
 10
131.4886167574488
 20
167.87388291040477
 10
124.09853331182158
 20
167.87388291040477
 10
120.40349158900798
 20
161.47388291040477
 10
124.09853331182158
 20
155.07388291040476
  0
LWPOLYLINE
  5
168
330
17
100
AcDbEntity
  8
CUT
100
AcDbPolyline
 90
4
 70
1
 10
297.4
 20
152.12047106606124
 10
149.19999999999996
 20
152.12047106606124
 10
149.19999999999996
 20
201.82729475474832
 10
297.4
 20
201.82729475474832
  0
LWPOLYLINE
  5
169
330
17
100
AcDbEntity
  8
CUT
100
AcDbPolyline
 90
6
 70
1
 10
165.91138324255115
 20
186.0738829104048
 10
173.30146668817838
 20
186.0738829104048
 10
176.99650841099196
 20
192.47388291040477
 10
173.30146668817838
 20
198.87388291040477
 10
165.91138324255115
 20
198.87388291040477
 10
162.21634151973757
 20
192.47388291040477
  0
LWPOLYLINE
  5
16A
330
17
100
AcDbEntity
  8
CUT
100
AcDbPolyline
 90
6
 70
1
 10
273.29853331182153
 20
186.0738829104048
 10
280.68861675744876
 20
186.0738829104048
 10
284.38365848026234
 20
192.47388291040477
 10
280.68861675744876
 20
198.87388291040477
 10
273.29853331182153
 20
198.87388291040477
 10
269.60349158900794
 20
192.47388291040477
  0
LWPOLYLINE
  5
16B
330
17
100
AcDbEntity
  8
CUT
100
AcDbPolyline
 90
6
 70
1
 10
253.84182924013115
 20
186.0738829104048
 10
257.53687096294476
 20
192.47388291040477
 10
253.84182924013115
 20
198.87388291040477
 10
246.45174579450395
 20
198.87388291040477
 10
242.75670407169034
 20
192.47388291040477
 10
246.45174579450395
 20
186.0738829104048
  0
LWPOLYLINE
  5
16C
330
17
100
AcDbEntity
  8
CUT
100
AcDbPolyline
 90
6
 70
1
 10
219.60495827718634
 20
186.0738829104048
 10
226.99504172281354
 20
186.0738829104048
 10
230.69008344562718
 20
192.47388291040477
 10
226.99504172281354
 20
198.87388291040477
 10
219.60495827718637
 20
198.87388291040477
 10
215.90991655437273
 20
192.47388291040477
  0
LWPOLYLINE
  5
16D
330
17
100
AcDbEntity
  8
CUT
100
AcDbPolyline
 90
6
 70
1
 10
192.75817075986873
 20
186.0738829104048
 10
200.14825420549596
 20
186.0738829104048
 10
203.84329592830954
 20
192.47388291040477
 10
200.14825420549596
 20
198.87388291040477
 10
192.75817075986873
 20
198.87388291040477
 10
189.06312903705515
 20
192.47388291040477
  0
LWPOLYLINE
  5
16E
330
17
100
AcDbEntity
  8
CUT
100
AcDbPolyline
 90
6
 70
1
 10
259.87513955316274
 20
178.3238829104048
 10
267.26522299878997
 20
178.3238829104048
 10
270.96026472160355
 20
184.72388291040477
 10
267.26522299878997
 20
191.12388291040477
 10
259.87513955316274
 20
191.12388291040477
 10
256.18009783034915
 20
184.72388291040477
  0
LWPOLYLINE
  5
16F
330
17
100
AcDbEntity
  8
CUT
100
AcDbPolyline
 90
6
 70
1
 10
233.02835203584516
 20
178.3238829104048
 10
240.41843548147236
 20
178.3238829104048
 10
244.11347720428597
 20
184.72388291040477
 10
240.41843548147236
 20
191.12388291040477
 10
233.02835203584516
 20
191.12388291040477
 10
229.33331031303155
 20
184.72388291040477
  0
LWPOLYLINE
  5
170
330
17
100
AcDbEntity
  8
CUT
100
AcDbPolyline
 90
6
 70
1
 10
213.57164796415475
 20
178.3238829104048
 10
217.2666896869684
 20
184.72388291040477
 10
213.57164796415475
 20
191.12388291040477
 10
206.18156451852758
 20
191.12388291040477
 10
202.48652279571394
 20
184.72388291040477
 10
206.18156451852755
 20
178.3238829104048
  0
LWPOLYLINE
  5
171
330
17
100
AcDbEntity
  8
CUT
100
AcDbPolyline
 90
6
 70
1
 10
186.72486044683717
 20
178.3238829104048
 10
190.41990216965075
 20
184.72388291040477
 10
186.72486044683717
 20
191.12388291040477
 10
179.33477700120994
 20
191.12388291040477
 10
175.63973527839636
 20
184.72388291040477
 10
179.33477700120994
 20
178.3238829104048
  0
LWPOLYLINE
  5
172
330
17
100
AcDbEntity
  8
CUT
100
AcDbPolyline
 90
6
 70
1
 10
280.68861675744876
 20
170.5738829104048
 10
284.38365848026234
 20
176.97388291040477
 10
280.68861675744876
 20
183.37388291040477
 10
273.29853331182153
 20
183.37388291040477
 10
269.60349158900794
 20
176.97388291040477
 10
273.29853331182153
 20
170.5738829104048
  0
LWPOLYLINE
  5
173
330
17
100
AcDbEntity
  8
CUT
100
AcDbPolyline
 90
6
 70
1
 10
246.45174579450395
 20
170.5738829104048
 10
253.84182924013115
 20
170.5738829104048
 10
257.53687096294476
 20
176.97388291040477
 10
253.84182924013115
 20
183.37388291040477
 10
246.45174579450395
 20
183.37388291040477
 10
242.75670407169034
 20
176.97388291040477
  0
LWPOLYLINE
  5
174
330
17
100
AcDbEntity
  8
CUT
100
AcDbPolyline
 90
6
 70
1
 10
192.75817075986873
 20
170.5738829104048
 10
200.14825420549596
 20
170.5738829104048
 10
203.84329592830954
 20
176.97388291040477
 10
200.14825420549596
 20
183.37388291040477
 10
192.75817075986873
 20
183.37388291040477
 10
189.06312903705515
 20
176.97388291040477
  0
LWPOLYLINE
  5
175
330
17
100
AcDbEntity
  8
CUT
100
AcDbPolyline
 90
6
 70
1
 10
165.91138324255115
 20
170.5738829104048
 10
173.30146668817838
 20
170.5738829104048
 10
176.99650841099196
 20
176.97388291040477
 10
173.30146668817838
 20
183.37388291040477
 10
165.91138324255115
 20
183.37388291040477
 10
162.21634151973757
 20
176.97388291040477
  0
LWPOLYLINE
  5
176
330
17
100
AcDbEntity
  8
CUT
100
AcDbPolyline
 90
6
 70
1
 10
219.60495827718634
 20
170.5738829104048
 10
226.99504172281354
 20
170.5738829104048
 10
230.69008344562715
 20
176.97388291040477
 10
226.99504172281354
 20
183.37388291040477
 10
219.60495827718637
 20
183.37388291040477
 10
215.90991655437276
 20
176.97388291040477
  0
LWPOLYLINE
  5
177
330
17
100
AcDbEntity
  8
CUT
100
AcDbPolyline
 90
6
 70
1
 10
267.26522299878997
 20
162.82388291040476
 10
270.96026472160355
 20
169.22388291040477
 10
267.26522299878997
 20
175.62388291040477
 10
259.87513955316274
 20
175.62388291040477
 10
256.18009783034915
 20
169.22388291040477
 10
259.87513955316274
 20
162.82388291040476
  0
LWPOLYLINE
  5
178
330
17
100
AcDbEntity
  8
CUT
100
AcDbPolyline
 90
6
 70
1
 10
240.41843548147236
 20
162.82388291040476
 10
244.11347720428597
 20
169.22388291040477
 10
240.41843548147236
 20
175.62388291040477
 10
233.02835203584516
 20
175.62388291040477
 10
229.33331031303157
 20
169.22388291040477
 10
233.02835203584516
 20
162.82388291040476
  0
LWPOLYLINE
  5
179
330
17
100
AcDbEntity
  8
CUT
100
AcDbPolyline
 90
6
 70
1
 10
213.57164796415475
 20
162.82388291040476
 10
217.26668968696836
 20
169.22388291040477
 10
213.57164796415475
 20
175.62388291040477
 10
206.18156451852758
 20
175.62388291040477
 10
202.48652279571397
 20
169.22388291040477
 10
206.18156451852758
 20
162.82388291040476
  0
LWPOLYLINE
  5
17A
330
17
100
AcDbEntity
  8
CUT
100
AcDbPolyline
 90
6
 70
1
 10
179.33477700120994
 20
162.82388291040476
 10
186.72486044683714
 20
162.82388291040476
 10
190.41990216965075
 20
169.22388291040477
 10
186.72486044683717
 20
175.62388291040477
 10
179.33477700120994
 20
175.62388291040477
 10
175.63973527839636
 20
169.22388291040477
  0
LWPOLYLINE
  5
17B
330
17
100
AcDbEntity
  8
CUT
100
AcDbPolyline
 90
6
 70
1
 10
173.30146668817838
 20
155.07388291040476
 10
176.99650841099196
 20
161.47388291040477
 10
173.30146668817835
 20
167.87388291040477
 10
165.91138324255115
 20
167.87388291040477
 10
162.21634151973757
 20
161.47388291040477
 10
165.91138324255115
 20
155.07388291040476
  0
LWPOLYLINE
  5
17C
330
17
100
AcDbEntity
  8
CUT
100
AcDbPolyline
 90
6
 70
1
 10
246.45174579450395
 20
155.07388291040476
 10
253.84182924013115
 20
155.07388291040476
 10
257.53687096294476
 20
161.47388291040477
 10
253.84182924013115
 20
167.87388291040477
 10
246.45174579450395
 20
167.87388291040477
 10
242.75670407169034
 20
161.47388291040477
  0
LWPOLYLINE
  5
17D
330
17
100
AcDbEntity
  8
CUT
100
AcDbPolyline
 90
6
 70
1
 10
219.60495827718634
 20
155.07388291040476
 10
226.99504172281354
 20
155.07388291040476
 10
230.69008344562715
 20
161.47388291040477
 10
226.99504172281354
 20
167.87388291040477
 10
219.60495827718637
 20
167.87388291040477
 10
215.90991655437276
 20
161.47388291040477
  0
LWPOLYLINE
  5
17E
330
17
100
AcDbEntity
  8
CUT
100
AcDbPolyline
 90
6
 70
1
 10
192.75817075986873
 20
155.07388291040476
 10
200.14825420549596
 20
155.07388291040476
 10
203.84329592830954
 20
161.47388291040477
 10
200.14825420549593
 20
167.87388291040477
 10
192.75817075986876
 20
167.87388291040477
 10
189.06312903705515
 20
161.47388291040477
  0
LWPOLYLINE
  5
17F
330
17
100
AcDbEntity
  8
CUT
100
AcDbPolyline
 90
6
 70
1
 10
280.68861675744876
 20
155.07388291040476
 10
284.38365848026234
 20
161.47388291040477
 10
280.68861675744876
 20
167.87388291040477
 10
273.29853331182153
 20
167.87388291040477
 10
269.60349158900794
 20
161.47388291040477
 10
273.29853331182153
 20
155.07388291040476
  0
LWPOLYLINE
  5
180
330
17
100
AcDbEntity
  8
CUT
100
AcDbPolyline
 90
4
 70
1
 10
446.6
 20
152.12047106606124
 10
298.4
 20
152.12047106606124
 10
298.4
 20
201.82729475474832
 10
446.6
 20
201.82729475474832
  0
LWPOLYLINE
  5
181
330
17
100
AcDbEntity
  8
CUT
100
AcDbPolyline
 90
6
 70
1
 10
315.1113832425512
 20
186.0738829104048
 10
322.5014666881784
 20
186.0738829104048
 10
326.196508410992
 20
192.47388291040477
 10
322.5014666881784
 20
198.87388291040477
 10
315.1113832425512
 20
198.87388291040477
 10
311.4163415197376
 20
192.47388291040477
  0
LWPOLYLINE
  5
182
330
17
100
AcDbEntity
  8
CUT
100
AcDbPolyline
 90
6
 70
1
 10
422.4985333118216
 20
186.0738829104048
 10
429.8886167574488
 20
186.0738829104048
 10
433.5836584802624
 20
192.47388291040477
 10
429.8886167574488
 20
198.87388291040477
 10
422.4985333118216
 20
198.87388291040477
 10
418.803491589008
 20
192.47388291040477
  0
LWPOLYLINE
  5
183
330
17
100
AcDbEntity
  8
CUT
100
AcDbPolyline
 90
6
 70
1
 10
403.0418292401312
 20
186.0738829104048
 10
406.7368709629448
 20
192.47388291040477
 10
403.04182924013116
 20
198.87388291040477
 10
395.651745794504
 20
198.87388291040477
 10
391.9567040716904
 20
192.47388291040477
 10
395.651745794504
 20
186.0738829104048
  0
LWPOLYLINE
  5
184
330
17
100
AcDbEntity
  8
CUT
100
AcDbPolyline
 90
6
 70
1
 10
368.8049582771864
 20
186.0738829104048
 10
376.1950417228136
 20
186.0738829104048
 10
379.8900834456272
 20
192.47388291040477
 10
376.1950417228136
 20
198.87388291040477
 10
368.8049582771864
 20
198.87388291040477
 10
365.1099165543728
 20
192.47388291040477
  0
LWPOLYLINE
  5
185
330
17
100
AcDbEntity
  8
CUT
100
AcDbPolyline
 90
6
 70
1
 10
341.9581707598688
 20
186.0738829104048
 10
349.348254205496
 20
186.0738829104048
 10
353.0432959283096
 20
192.47388291040477
 10
349.348254205496
 20
198.87388291040477
 10
341.9581707598688
 20
198.87388291040477
 10
338.2631290370552
 20
192.47388291040477
  0
LWPOLYLINE
  5
186
330
17
100
AcDbEntity
  8
CUT
100
AcDbPolyline
 90
6
 70
1
 10
409.0751395531628
 20
178.3238829104048
 10
416.46522299879
 20
178.3238829104048
 10
420.1602647216036
 20
184.72388291040477
 10
416.46522299879
 20
191.12388291040477
 10
409.0751395531628
 20
191.12388291040477
 10
405.3800978303492
 20
184.72388291040477
  0
LWPOLYLINE
  5
187
330
17
100
AcDbEntity
  8
CUT
100
AcDbPolyline
 90
6
 70
1
 10
382.2283520358452
 20
178.3238829104048
 10
389.6184354814724
 20
178.3238829104048
 10
393.313477204286
 20
184.72388291040477
 10
389.6184354814724
 20
191.12388291040477
 10
382.2283520358452
 20
191.12388291040477
 10
378.5333103130316
 20
184.72388291040477
  0
LWPOLYLINE
  5
188
330
17
100
AcDbEntity
  8
CUT
100
AcDbPolyline
 90
6
 70
1
 10
362.7716479641548
 20
178.3238829104048
 10
366.46668968696844
 20
184.72388291040477
 10
362.7716479641548
 20
191.12388291040477
 10
355.3815645185276
 20
191.12388291040477
 10
351.686522795714
 20
184.72388291040477
 10
355.3815645185276
 20
178.3238829104048
  0
LWPOLYLINE
  5
189
330
17
100
AcDbEntity
  8
CUT
100
AcDbPolyline
 90
6
 70
1
 10
335.9248604468372
 20
178.3238829104048
 10
339.6199021696508
 20
184.72388291040477
 10
335.9248604468372
 20
191.12388291040477
 10
328.53477700121
 20
191.12388291040477
 10
324.8397352783964
 20
184.72388291040477
 10
328.53477700121
 20
178.3238829104048
  0
LWPOLYLINE
  5
18A
330
17
100
AcDbEntity
  8
CUT
100
AcDbPolyline
 90
6
 70
1
 10
429.8886167574488
 20
170.5738829104048
 10
433.5836584802624
 20
176.97388291040477
 10
429.8886167574488
 20
183.37388291040477
 10
422.4985333118216
 20
183.37388291040477
 10
418.803491589008
 20
176.97388291040477
 10
422.4985333118216
 20
170.5738829104048
  0
LWPOLYLINE
  5
18B
330
17
100
AcDbEntity
  8
CUT
100
AcDbPolyline
 90
6
 70
1
 10
395.651745794504
 20
170.5738829104048
 10
403.0418292401312
 20
170.5738829104048
 10
406.7368709629448
 20
176.97388291040477
 10
403.04182924013116
 20
183.37388291040477
 10
395.651745794504
 20
183.37388291040477
 10
391.9567040716904
 20
176.97388291040477
  0
LWPOLYLINE
  5
18C
330
17
100
AcDbEntity
  8
CUT
100
AcDbPolyline
 90
6
 70
1
 10
341.9581707598688
 20
170.5738829104048
 10
349.348254205496
 20
170.5738829104048
 10
353.0432959283096
 20
176.97388291040477
 10
349.348254205496
 20
183.37388291040477
 10
341.9581707598688
 20
183.37388291040477
 10
338.2631290370552
 20
176.97388291040477
  0
LWPOLYLINE
  5
18D
330
17
100
AcDbEntity
  8
CUT
100
AcDbPolyline
 90
6
 70
1
 10
315.1113832425512
 20
170.5738829104048
 10
322.5014666881784
 20
170.5738829104048
 10
326.196508410992
 20
176.97388291040477
 10
322.5014666881784
 20
183.37388291040477
 10
315.1113832425512
 20
183.37388291040477
 10
311.4163415197376
 20
176.97388291040477
  0
LWPOLYLINE
  5
18E
330
17
100
AcDbEntity
  8
CUT
100
AcDbPolyline
 90
6
 70
1
 10
368.8049582771864
 20
170.5738829104048
 10
376.1950417228136
 20
170.5738829104048
 10
379.89008344562717
 20
176.97388291040477
 10
376.1950417228136
 20
183.37388291040477
 10
368.8049582771864
 20
183.37388291040477
 10
365.10991655437283
 20
176.97388291040477
  0
LWPOLYLINE
  5
18F
330
17
100
AcDbEntity
  8
CUT
100
AcDbPolyline
 90
6
 70
1
 10
416.46522299879
 20
162.82388291040476
 10
420.1602647216036
 20
169.22388291040477
 10
416.46522299879
 20
175.62388291040477
 10
409.0751395531628
 20
175.62388291040477
 10
405.3800978303492
 20
169.22388291040477
 10
409.0751395531628
 20
162.82388291040476
  0
LWPOLYLINE
  5
190
330
17
100
AcDbEntity
  8
CUT
100
AcDbPolyline
 90
6
 70
1
 10
389.6184354814724
 20
162.82388291040476
 10
393.313477204286
 20
169.22388291040477
 10
389.6184354814724
 20
175.62388291040477
 10
382.2283520358452
 20
175.62388291040477
 10
378.5333103130316
 20
169.22388291040477
 10
382.2283520358452
 20
162.82388291040476
  0
LWPOLYLINE
  5
191
330
17
100
AcDbEntity
  8
CUT
100
AcDbPolyline
 90
6
 70
1
 10
362.7716479641548
 20
162.82388291040476
 10
366.4666896869684
 20
169.22388291040477
 10
362.7716479641548
 20
175.62388291040477
 10
355.3815645185276
 20
175.62388291040477
 10
351.68652279571404
 20
169.22388291040477
 10
355.3815645185276
 20
162.82388291040476
  0
LWPOLYLINE
  5
192
330
17
100
AcDbEntity
  8
CUT
100
AcDbPolyline
 90
6
 70
1
 10
328.53477700121
 20
162.82388291040476
 10
335.9248604468372
 20
162.82388291040476
 10
339.6199021696508
 20
169.22388291040477
 10
335.9248604468372
 20
175.62388291040477
 10
328.53477700121
 20
175.62388291040477
 10
324.8397352783964
 20
169.22388291040477
  0
LWPOLYLINE
  5
193
330
17
100
AcDbEntity
  8
CUT
100
AcDbPolyline
 90
6
 70
1
 10
322.5014666881784
 20
155.07388291040476
 10
326.196508410992
 20
161.47388291040477
 10
322.5014666881784
 20
167.87388291040477
 10
315.1113832425512
 20
167.87388291040477
 10
311.4163415197376
 20
161.47388291040477
 10
315.1113832425512
 20
155.07388291040476
  0
LWPOLYLINE
  5
194
330
17
100
AcDbEntity
  8
CUT
100
AcDbPolyline
 90
6
 70
1
 10
395.651745794504
 20
155.07388291040476
 10
403.0418292401312
 20
155.07388291040476
 10
406.7368709629448
 20
161.47388291040477
 10
403.04182924013116
 20
167.87388291040477
 10
395.651745794504
 20
167.87388291040477
 10
391.9567040716904
 20
161.47388291040477
  0
LWPOLYLINE
  5
195
330
17
100
AcDbEntity
  8
CUT
100
AcDbPolyline
 90
6
 70
1
 10
368.8049582771864
 20
155.07388291040476
 10
376.1950417228136
 20
155.07388291040476
 10
379.89008344562717
 20
161.47388291040477
 10
376.1950417228136
 20
167.87388291040477
 10
368.8049582771864
 20
167.87388291040477
 10
365.10991655437283
 20
161.47388291040477
  0
LWPOLYLINE
  5
196
330
17
100
AcDbEntity
  8
CUT
100
AcDbPolyline
 90
6
 70
1
 10
341.9581707598688
 20
155.07388291040476
 10
349.348254205496
 20
155.07388291040476
 10
353.0432959283096
 20
161.47388291040477
 10
349.348254205496
 20
167.87388291040477
 10
341.95817075986884
 20
167.87388291040477
 10
338.2631290370552
 20
161.47388291040477
  0
LWPOLYLINE
  5
197
330
17
100
AcDbEntity
  8
CUT
100
AcDbPolyline
 90
6
 70
1
 10
429.8886167574488
 20
155.07388291040476
 10
433.5836584802624
 20
161.47388291040477
 10
429.8886167574488
 20
167.87388291040477
 10
422.4985333118216
 20
167.87388291040477
 10
418.803491589008
 20
161.47388291040477
 10
422.4985333118216
 20
155.07388291040476
  0
LWPOLYLINE
  5
198
330
17
100
AcDbEntity
  8
CUT
100
AcDbPolyline
 90
4
 70
1
 10
595.8
 20
152.12047106606124
 10
447.5999999999999
 20
152.12047106606124
 10
447.5999999999999
 20
201.82729475474832
 10
595.8
 20
201.82729475474832
  0
LWPOLYLINE
  5
199
330
17
100
AcDbEntity
  8
CUT
100
AcDbPolyline
 90
6
 70
1
 10
464.31138324255113
 20
186.0738829104048
 10
471.70146668817836
 20
186.0738829104048
 10
475.39650841099194
 20
192.47388291040477
 10
471.70146668817836
 20
198.87388291040477
 10
464.31138324255113
 20
198.87388291040477
 10
460.61634151973755
 20
192.47388291040477
  0
LWPOLYLINE
  5
19A
330
17
100
AcDbEntity
  8
CUT
100
AcDbPolyline
 90
6
 70
1
 10
571.6985333118215
 20
186.0738829104048
 10
579.0886167574488
 20
186.0738829104048
 10
582.7836584802624
 20
192.47388291040477
 10
579.0886167574488
 20
198.87388291040477
 10
571.6985333118215
 20
198.87388291040477
 10
568.0034915890079
 20
192.47388291040477
  0
LWPOLYLINE
  5
19B
330
17
100
AcDbEntity
  8
CUT
100
AcDbPolyline
 90
6
 70
1
 10
552.2418292401311
 20
186.0738829104048
 10
555.9368709629448
 20
192.47388291040477
 10
552.2418292401311
 20
198.87388291040477
 10
544.8517457945039
 20
198.87388291040477
 10
541.1567040716903
 20
192.47388291040477
 10
544.8517457945039
 20
186.0738829104048
  0
LWPOLYLINE
  5
19C
330
17
100
AcDbEntity
  8
CUT
100
AcDbPolyline
 90
6
 70
1
 10
518.0049582771863
 20
186.0738829104048
 10
525.3950417228135
 20
186.0738829104048
 10
529.0900834456271
 20
192.47388291040477
 10
525.3950417228135
 20
198.87388291040477
 10
518.0049582771863
 20
198.87388291040477
 10
514.3099165543728
 20
192.47388291040477
  0
LWPOLYLINE
  5
19D
330
17
100
AcDbEntity
  8
CUT
100
AcDbPolyline
 90
6
 70
1
 10
491.1581707598687
 20
186.0738829104048
 10
498.54825420549594
 20
186.0738829104048
 10
502.2432959283095
 20
192.47388291040477
 10
498.54825420549594
 20
198.87388291040477
 10
491.1581707598687
 20
198.87388291040477
 10
487.4631290370551
 20
192.47388291040477
  0
LWPOLYLINE
  5
19E
330
17
100
AcDbEntity
  8
CUT
100
AcDbPolyline
 90
6
 70
1
 10
558.2751395531627
 20
178.3238829104048
 10
565.6652229987899
 20
178.3238829104048
 10
569.3602647216036
 20
184.72388291040477
 10
565.6652229987899
 20
191.12388291040477
 10
558.2751395531627
 20
191.12388291040477
 10
554.5800978303491
 20
184.72388291040477
  0
LWPOLYLINE
  5
19F
330
17
100
AcDbEntity
  8
CUT
100
AcDbPolyline
 90
6
 70
1
 10
531.4283520358451
 20
178.3238829104048
 10
538.8184354814723
 20
178.3238829104048
 10
542.5134772042859
 20
184.72388291040477
 10
538.8184354814723
 20
191.12388291040477
 10
531.4283520358451
 20
191.12388291040477
 10
527.7333103130316
 20
184.72388291040477
  0
LWPOLYLINE
  5
1A0
330
17
100
AcDbEntity
  8
CUT
100
AcDbPolyline
 90
6
 70
1
 10
511.9716479641547
 20
178.3238829104048
 10
515.6666896869683
 20
184.72388291040477
 10
511.9716479641547
 20
191.12388291040477
 10
504.58156451852756
 20
191.12388291040477
 10
500.8865227957139
 20
184.72388291040477
 10
504.58156451852756
 20
178.3238829104048
  0
LWPOLYLINE
  5
1A1
330
17
100
AcDbEntity
  8
CUT
100
AcDbPolyline
 90
6
 70
1
 10
485.12486044683715
 20
178.3238829104048
 10
488.81990216965073
 20
184.72388291040477
 10
485.12486044683715
 20
191.12388291040477
 10
477.7347770012099
 20
191.12388291040477
 10
474.03973527839634
 20
184.72388291040477
 10
477.7347770012099
 20
178.3238829104048
  0
LWPOLYLINE
  5
1A2
330
17
100
AcDbEntity
  8
CUT
100
AcDbPolyline
 90
6
 70
1
 10
579.0886167574487
 20
170.5738829104048
 10
582.7836584802624
 20
176.97388291040477
 10
579.0886167574487
 20
183.37388291040477
 10
571.6985333118215
 20
183.37388291040477
 10
568.0034915890079
 20
176.97388291040477
 10
571.6985333118215
 20
170.5738829104048
  0
LWPOLYLINE
  5
1A3
330
17
100
AcDbEntity
  8
CUT
100
AcDbPolyline
 90
6
 70
1
 10
544.8517457945039
 20
170.5738829104048
 10
552.2418292401311
 20
170.5738829104048
 10
555.9368709629448
 20
176.97388291040477
 10
552.2418292401311
 20
183.37388291040477
 10
544.8517457945039
 20
183.37388291040477
 10
541.1567040716903
 20
176.97388291040477
  0
LWPOLYLINE
  5
1A4
330
17
100
AcDbEntity
  8
CUT
100
AcDbPolyline
 90
6
 70
1
 10
491.1581707598687
 20
170.5738829104048
 10
498.54825420549594
 20
170.5738829104048
 10
502.2432959283095
 20
176.97388291040477
 10
498.54825420549594
 20
183.37388291040477
 10
491.1581707598687
 20
183.37388291040477
 10
487.4631290370551
 20
176.97388291040477
  0
LWPOLYLINE
  5
1A5
330
17
100
AcDbEntity
  8
CUT
100
AcDbPolyline
 90
6
 70
1
 10
464.31138324255113
 20
170.5738829104048
 10
471.70146668817836
 20
170.5738829104048
 10
475.39650841099194
 20
176.97388291040477
 10
471.70146668817836
 20
183.37388291040477
 10
464.31138324255113
 20
183.37388291040477
 10
460.61634151973755
 20
176.97388291040477
  0
LWPOLYLINE
  5
1A6
330
17
100
AcDbEntity
  8
CUT
100
AcDbPolyline
 90
6
 70
1
 10
518.0049582771863
 20
170.5738829104048
 10
525.3950417228135
 20
170.5738829104048
 10
529.0900834456271
 20
176.97388291040477
 10
525.3950417228135
 20
183.37388291040477
 10
518.0049582771863
 20
183.37388291040477
 10
514.3099165543728
 20
176.97388291040477
  0
LWPOLYLINE
  5
1A7
330
17
100
AcDbEntity
  8
CUT
100
AcDbPolyline
 90
6
 70
1
 10
565.6652229987899
 20
162.82388291040476
 10
569.3602647216036
 20
169.22388291040477
 10
565.6652229987899
 20
175.62388291040477
 10
558.2751395531627
 20
175.62388291040477
 10
554.5800978303491
 20
169.22388291040477
 10
558.2751395531627
 20
162.82388291040476
  0
LWPOLYLINE
  5
1A8
330
17
100
AcDbEntity
  8
CUT
100
AcDbPolyline
 90
6
 70
1
 10
538.8184354814723
 20
162.82388291040476
 10
542.5134772042859
 20
169.22388291040477
 10
538.8184354814723
 20
175.62388291040477
 10
531.4283520358451
 20
175.62388291040477
 10
527.7333103130316
 20
169.22388291040477
 10
531.4283520358451
 20
162.82388291040476
  0
LWPOLYLINE
  5
1A9
330
17
100
AcDbEntity
  8
CUT
100
AcDbPolyline
 90
6
 70
1
 10
511.9716479641547
 20
162.82388291040476
 10
515.6666896869683
 20
169.22388291040477
 10
511.9716479641547
 20
175.62388291040477
 10
504.58156451852756
 20
175.62388291040477
 10
500.886522795714
 20
169.22388291040477
 10
504.58156451852756
 20
162.82388291040476
  0
LWPOLYLINE
  5
1AA
330
17
100
AcDbEntity
  8
CUT
100
AcDbPolyline
 90
6
 70
1
 10
477.7347770012099
 20
162.82388291040476
 10
485.12486044683715
 20
162.82388291040476
 10
488.81990216965073
 20
169.22388291040477
 10
485.12486044683715
 20
175.62388291040477
 10
477.7347770012099
 20
175.62388291040477
 10
474.03973527839634
 20
169.22388291040477
  0
LWPOLYLINE
  5
1AB
330
17
100
AcDbEntity
  8
CUT
100
AcDbPolyline
 90
6
 70
1
 10
471.70146668817836
 20
155.07388291040476
 10
475.39650841099194
 20
161.47388291040477
 10
471.70146668817836
 20
167.87388291040477
 10
464.31138324255113
 20
167.87388291040477
 10
460.61634151973755
 20
161.47388291040477
 10
464.31138324255113
 20
155.07388291040476
  0
LWPOLYLINE
  5
1AC
330
17
100
AcDbEntity
  8
CUT
100
AcDbPolyline
 90
6
 70
1
 10
544.8517457945039
 20
155.07388291040476
 10
552.2418292401311
 20
155.07388291040476
 10
555.9368709629448
 20
161.47388291040477
 10
552.2418292401311
 20
167.87388291040477
 10
544.8517457945039
 20
167.87388291040477
 10
541.1567040716903
 20
161.47388291040477
  0
LWPOLYLINE
  5
1AD
330
17
100
AcDbEntity
  8
CUT
100
AcDbPolyline
 90
6
 70
1
 10
518.0049582771863
 20
155.07388291040476
 10
525.3950417228135
 20
155.07388291040476
 10
529.0900834456271
 20
161.47388291040477
 10
525.3950417228135
 20
167.87388291040477
 10
518.0049582771863
 20
167.87388291040477
 10
514.3099165543728
 20
161.47388291040477
  0
LWPOLYLINE
  5
1AE
330
17
100
AcDbEntity
  8
CUT
100
AcDbPolyline
 90
6
 70
1
 10
491.1581707598687
 20
155.07388291040476
 10
498.54825420549594
 20
155.07388291040476
 10
502.2432959283095
 20
161.47388291040477
 10
498.54825420549594
 20
167.87388291040477
 10
491.15817075986877
 20
167.87388291040477
 10
487.4631290370551
 20
161.47388291040477
  0
LWPOLYLINE
  5
1AF
330
17
100
AcDbEntity
  8
CUT
100
AcDbPolyline
 90
6
 70
1
 10
579.0886167574487
 20
155.07388291040476
 10
582.7836584802624
 20
161.47388291040477
 10
579.0886167574487
 20
167.87388291040477
 10
571.6985333118215
 20
167.87388291040477
 10
568.0034915890079
 20
161.47388291040477
 10
571.6985333118215
 20
155.07388291040476
  0
LWPOLYLINE
  5
1B0
330
17
100
AcDbEntity
  8
CUT
100
AcDbPolyline
 90
4
 70
1
 10
148.2
 20
202.82729475474832
 10
0.0
 20
202.82729475474832
 10
0.0
 20
252.5341184434354
 10
148.2
 20
252.5341184434354
  0
LWPOLYLINE
  5
1B1
330
17
100
AcDbEntity
  8
CUT
100
AcDbPolyline
 90
6
 70
1
 10
16.711383242551193
 20
236.78070659909184
 10
24.101466688178405
 20
236.78070659909184
 10
27.79650841099202
 20
243.18070659909185
 10
24.101466688178405
 20
249.58070659909185
 10
16.711383242551193
 20
249.58070659909185
 10
13.016341519737608
 20
243.18070659909185
  0
LWPOLYLINE
  5
1B2
330
17
100
AcDbEntity
  8
CUT
100
AcDbPolyline
 90
6
 70
1
 10
124.09853331182158
 20
236.78070659909184
 10
131.4886167574488
 20
236.78070659909184
 10
135.1836584802624
 20
243.18070659909185
 10
131.4886167574488
 20
249.58070659909185
 10
124.09853331182158
 20
249.58070659909185
 10
120.40349158900798
 20
243.18070659909185
  0
LWPOLYLINE
  5
1B3
330
17
100
AcDbEntity
  8
CUT
100
AcDbPolyline
 90
6
 70
1
 10
104.64182924013119
 20
236.78070659909184
 10
108.3368709629448
 20
243.18070659909185
 10
104.64182924013119
 20
249.58070659909185
 10
97.25174579450399
 20
249.58070659909185
 10
93.55670407169038
 20
243.18070659909185
 10
97.25174579450399
 20
236.78070659909184
  0
LWPOLYLINE
  5
1B4
330
17
100
AcDbEntity
  8
CUT
100
AcDbPolyline
 90
6
 70
1
 10
70.40495827718638
 20
236.78070659909184
 10
77.7950417228136
 20
236.78070659909184
 10
81.4900834456272
 20
243.18070659909185
 10
77.7950417228136
 20
249.58070659909185
 10
70.4049582771864
 20
249.58070659909185
 10
66.70991655437278
 20
243.18070659909185
  0
LWPOLYLINE
  5
1B5
330
17
100
AcDbEntity
  8
CUT
100
AcDbPolyline
 90
6
 70
1
 10
43.55817075986877
 20
236.78070659909184
 10
50.948254205495985
 20
236.78070659909184
 10
54.6432959283096
 20
243.18070659909185
 10
50.948254205495985
 20
249.58070659909185
 10
43.55817075986879
 20
249.58070659909185
 10
39.863129037055174
 20
243.18070659909185
  0
LWPOLYLINE
  5
1B6
330
17
100
AcDbEntity
  8
CUT
100
AcDbPolyline
 90
6
 70
1
 10
110.67513955316278
 20
229.03070659909184
 10
118.06522299878999
 20
229.03070659909184
 10
121.7602647216036
 20
235.43070659909185
 10
118.06522299879
 20
241.83070659909185
 10
110.67513955316278
 20
241.83070659909185
 10
106.98009783034918
 20
235.43070659909185
  0
LWPOLYLINE
  5
1B7
330
17
100
AcDbEntity
  8
CUT
100
AcDbPolyline
 90
6
 70
1
 10
83.82835203584519
 20
229.03070659909184
 10
91.2184354814724
 20
229.03070659909184
 10
94.91347720428601
 20
235.43070659909185
 10
91.2184354814724
 20
241.83070659909185
 10
83.82835203584519
 20
241.83070659909185
 10
80.13331031303159
 20
235.43070659909185
  0
LWPOLYLINE
  5
1B8
330
17
100
AcDbEntity
  8
CUT
100
AcDbPolyline
 90
6
 70
1
 10
64.3716479641548
 20
229.03070659909184
 10
68.06668968696842
 20
235.43070659909185
 10
64.3716479641548
 20
241.83070659909185
 10
56.981564518527605
 20
241.83070659909185
 10
53.28652279571399
 20
235.43070659909185
 10
56.98156451852759
 20
229.03070659909184
  0
LWPOLYLINE
  5
1B9
330
17
100
AcDbEntity
  8
CUT
100
AcDbPolyline
 90
6
 70
1
 10
37.524860446837195
 20
229.03070659909184
 10
41.21990216965081
 20
235.43070659909185
 10
37.524860446837195
 20
241.83070659909185
 10
30.134777001209997
 20
241.83070659909185
 10
26.439735278396384
 20
235.43070659909185
 10
30.134777001209983
 20
229.03070659909184
  0
LWPOLYLINE
  5
1BA
330
17
100
AcDbEntity
  8
CUT
100
AcDbPolyline
 90
6
 70
1
 10
131.4886167574488
 20
221.28070659909184
 10
135.1836584802624
 20
227.68070659909185
 10
131.4886167574488
 20
234.08070659909185
 10
124.09853331182158
 20
234.08070659909185
 10
120.40349158900798
 20
227.68070659909185
 10
124.09853331182158
 20
221.28070659909184
  0
LWPOLYLINE
  5
1BB
330
17
100
AcDbEntity
  8
CUT
100
AcDbPolyline
 90
6
 70
1
 10
97.25174579450399
 20
221.28070659909184
 10
104.64182924013119
 20
221.28070659909184
 10
108.3368709629448
 20
227.68070659909185
 10
104.64182924013119
 20
234.08070659909185
 10
97.25174579450399
 20
234.08070659909185
 10
93.55670407169038
 20
227.68070659909185
  0
LWPOLYLINE
  5
1BC
330
17
100
AcDbEntity
  8
CUT
100
AcDbPolyline
 90
6
 70
1
 10
43.55817075986877
 20
221.28070659909184
 10
50.948254205495985
 20
221.28070659909184
 10
54.643295928309584
 20
227.68070659909185
 10
50.948254205495985
 20
234.08070659909185
 10
43.55817075986879
 20
234.08070659909185
 10
39.86312903705519
 20
227.68070659909185
  0
LWPOLYLINE
  5
1BD
330
17
100
AcDbEntity
  8
CUT
100
AcDbPolyline
 90
6
 70
1
 10
16.711383242551193
 20
221.28070659909184
 10
24.101466688178405
 20
221.28070659909184
 10
27.796508410992004
 20
227.68070659909185
 10
24.101466688178405
 20
234.08070659909185
 10
16.711383242551193
 20
234.08070659909185
 10
13.016341519737608
 20
227.68070659909185
  0
LWPOLYLINE
  5
1BE
330
17
100
AcDbEntity
  8
CUT
100
AcDbPolyline
 90
6
 70
1
 10
70.40495827718638
 20
221.28070659909184
 10
77.7950417228136
 20
221.28070659909184
 10
81.49008344562719
 20
227.68070659909185
 10
77.7950417228136
 20
234.08070659909185
 10
70.4049582771864
 20
234.08070659909185
 10
66.7099165543728
 20
227.68070659909185
  0
LWPOLYLINE
  5
1BF
330
17
100
AcDbEntity
  8
CUT
100
AcDbPolyline
 90
6
 70
1
 10
118.06522299878999
 20
213.53070659909184
 10
121.7602647216036
 20
219.93070659909185
 10
118.06522299878999
 20
226.33070659909185
 10
110.67513955316278
 20
226.33070659909185
 10
106.98009783034918
 20
219.93070659909185
 10
110.67513955316278
 20
213.53070659909184
  0
LWPOLYLINE
  5
1C0
330
17
100
AcDbEntity
  8
CUT
100
AcDbPolyline
 90
6
 70
1
 10
91.2184354814724
 20
213.53070659909184
 10
94.91347720428601
 20
219.93070659909185
 10
91.2184354814724
 20
226.33070659909185
 10
83.82835203584519
 20
226.33070659909185
 10
80.1333103130316
 20
219.93070659909185
 10
83.8283520358452
 20
213.53070659909184
  0
LWPOLYLINE
  5
1C1
330
17
100
AcDbEntity
  8
CUT
100
AcDbPolyline
 90
6
 70
1
 10
64.37164796415479
 20
213.53070659909184
 10
68.0666896869684
 20
219.93070659909185
 10
64.3716479641548
 20
226.33070659909185
 10
56.981564518527605
 20
226.33070659909185
 10
53.286522795714006
 20
219.93070659909185
 10
56.981564518527605
 20
213.53070659909184
  0
LWPOLYLINE
  5
1C2
330
17
100
AcDbEntity
  8
CUT
100
AcDbPolyline
 90
6
 70
1
 10
30.134777001209997
 20
213.53070659909184
 10
37.52486044683718
 20
213.53070659909184
 10
41.219902169650794
 20
219.93070659909185
 10
37.524860446837195
 20
226.33070659909185
 10
30.134777001209997
 20
226.33070659909185
 10
26.439735278396398
 20
219.93070659909185
  0
LWPOLYLINE
  5
1C3
330
17
100
AcDbEntity
  8
CUT
100
AcDbPolyline
 90
6
 70
1
 10
24.101466688178405
 20
205.78070659909184
 10
27.796508410992004
 20
212.18070659909185
 10
24.10146668817839
 20
218.58070659909185
 10
16.711383242551193
 20
218.58070659909185
 10
13.016341519737608
 20
212.18070659909185
 10
16.711383242551193
 20
205.78070659909184
  0
LWPOLYLINE
  5
1C4
330
17
100
AcDbEntity
  8
CUT
100
AcDbPolyline
 90
6
 70
1
 10
97.25174579450399
 20
205.78070659909184
 10
104.64182924013119
 20
205.78070659909184
 10
108.3368709629448
 20
212.18070659909185
 10
104.64182924013119
 20
218.58070659909185
 10
97.25174579450399
 20
218.58070659909185
 10
93.55670407169038
 20
212.18070659909185
  0
LWPOLYLINE
  5
1C5
330
17
100
AcDbEntity
  8
CUT
100
AcDbPolyline
 90
6
 70
1
 10
70.40495827718638
 20
205.78070659909184
 10
77.7950417228136
 20
205.78070659909184
 10
81.49008344562719
 20
212.18070659909185
 10
77.79504172281358
 20
218.58070659909185
 10
70.40495827718641
 20
218.58070659909185
 10
66.7099165543728
 20
212.18070659909185
  0
LWPOLYLINE
  5
1C6
330
17
100
AcDbEntity
  8
CUT
100
AcDbPolyline
 90
6
 70
1
 10
43.55817075986877
 20
205.78070659909184
 10
50.948254205495985
 20
205.78070659909184
 10
54.643295928309584
 20
212.18070659909185
 10
50.94825420549597
 20
218.58070659909185
 10
43.5581707598688
 20
218.58070659909185
 10
39.86312903705519
 20
212.18070659909185
  0
LWPOLYLINE
  5
1C7
330
17
100
AcDbEntity
  8
CUT
100
AcDbPolyline
 90
6
 70
1
 10
131.4886167574488
 20
205.78070659909184
 10
135.1836584802624
 20
212.18070659909185
 10
131.4886167574488
 20
218.58070659909185
 10
124.09853331182158
 20
218.58070659909185
 10
120.40349158900798
 20
212.18070659909185
 10
124.09853331182158
 20
205.78070659909184
  0
LWPOLYLINE
  5
1C8
330
17
100
AcDbEntity
  8
CUT
100
AcDbPolyline
 90
4
 70
1
 10
297.4
 20
202.82729475474832
 10
149.19999999999996
 20
202.82729475474832
 10
149.19999999999996
 20
252.5341184434354
 10
297.4
 20
252.5341184434354
  0
LWPOLYLINE
  5
1C9
330
17
100
AcDbEntity
  8
CUT
100
AcDbPolyline
 90
6
 70
1
 10
165.91138324255115
 20
236.78070659909184
 10
173.30146668817838
 20
236.78070659909184
 10
176.99650841099196
 20
243.18070659909185
 10
173.30146668817838
 20
249.58070659909185
 10
165.91138324255115
 20
249.58070659909185
 10
162.21634151973757
 20
243.18070659909185
  0
LWPOLYLINE
  5
1CA
330
17
100
AcDbEntity
  8
CUT
100
AcDbPolyline
 90
6
 70
1
 10
273.29853331182153
 20
236.78070659909184
 10
280.68861675744876
 20
236.78070659909184
 10
284.38365848026234
 20
243.18070659909185
 10
280.68861675744876
 20
249.58070659909185
 10
273.29853331182153
 20
249.58070659909185
 10
269.60349158900794
 20
243.18070659909185
  0
LWPOLYLINE
  5
1CB
330
17
100
AcDbEntity
  8
CUT
100
AcDbPolyline
 90
6
 70
1
 10
253.84182924013115
 20
236.78070659909184
 10
257.53687096294476
 20
243.18070659909185
 10
253.84182924013115
 20
249.58070659909185
 10
246.45174579450395
 20
249.58070659909185
 10
242.75670407169034
 20
243.18070659909185
 10
246.45174579450395
 20
236.78070659909184
  0
LWPOLYLINE
  5
1CC
330
17
100
AcDbEntity
  8
CUT
100
AcDbPolyline
 90
6
 70
1
 10
219.60495827718634
 20
236.78070659909184
 10
226.99504172281354
 20
236.78070659909184
 10
230.69008344562718
 20
243.18070659909185
 10
226.99504172281354
 20
249.58070659909185
 10
219.60495827718637
 20
249.58070659909185
 10
215.90991655437273
 20
243.18070659909185
  0
LWPOLYLINE
  5
1CD
330
17
100
AcDbEntity
  8
CUT
100
AcDbPolyline
 90
6
 70
1
 10
192.75817075986873
 20
236.78070659909184
 10
200.14825420549596
 20
236.78070659909184
 10
203.84329592830954
 20
243.18070659909185
 10
200.14825420549596
 20
249.58070659909185
 10
192.75817075986873
 20
249.58070659909185
 10
189.06312903705515
 20
243.18070659909185
  0
LWPOLYLINE
  5
1CE
330
17
100
AcDbEntity
  8
CUT
100
AcDbPolyline
 90
6
 70
1
 10
259.87513955316274
 20
229.03070659909184
 10
267.26522299878997
 20
229.03070659909184
 10
270.96026472160355
 20
235.43070659909185
 10
267.26522299878997
 20
241.83070659909185
 10
259.87513955316274
 20
241.83070659909185
 10
256.18009783034915
 20
235.43070659909185
  0
LWPOLYLINE
  5
1CF
330
17
100
AcDbEntity
  8
CUT
100
AcDbPolyline
 90
6
 70
1
 10
233.02835203584516
 20
229.03070659909184
 10
240.41843548147236
 20
229.03070659909184
 10
244.11347720428597
 20
235.43070659909185
 10
240.41843548147236
 20
241.83070659909185
 10
233.02835203584516
 20
241.83070659909185
 10
229.33331031303155
 20
235.43070659909185
  0
LWPOLYLINE
  5
1D0
330
17
100
AcDbEntity
  8
CUT
100
AcDbPolyline
 90
6
 70
1
 10
213.57164796415475
 20
229.03070659909184
 10
217.2666896869684
 20
235.43070659909185
 10
213.57164796415475
 20
241.83070659909185
 10
206.18156451852758
 20
241.83070659909185
 10
202.48652279571394
 20
235.43070659909185
 10
206.18156451852755
 20
229.03070659909184
  0
LWPOLYLINE
  5
1D1
330
17
100
AcDbEntity
  8
CUT
100
AcDbPolyline
 90
6
 70
1
 10
186.72486044683717
 20
229.03070659909184
 10
190.41990216965075
 20
235.43070659909185
 10
186.72486044683717
 20
241.83070659909185
 10
179.33477700120994
 20
241.83070659909185
 10
175.63973527839636
 20
235.43070659909185
 10
179.33477700120994
 20
229.03070659909184
  0
LWPOLYLINE
  5
1D2
330
17
100
AcDbEntity
  8
CUT
100
AcDbPolyline
 90
6
 70
1
 10
280.68861675744876
 20
221.28070659909184
 10
284.38365848026234
 20
227.68070659909185
 10
280.68861675744876
 20
234.08070659909185
 10
273.29853331182153
 20
234.08070659909185
 10
269.60349158900794
 20
227.68070659909185
 10
273.29853331182153
 20
221.28070659909184
  0
LWPOLYLINE
  5
1D3
330
17
100
AcDbEntity
  8
CUT
100
AcDbPolyline
 90
6
 70
1
 10
246.45174579450395
 20
221.28070659909184
 10
253.84182924013115
 20
221.28070659909184
 10
257.53687096294476
 20
227.68070659909185
 10
253.84182924013115
 20
234.08070659909185
 10
246.45174579450395
 20
234.08070659909185
 10
242.75670407169034
 20
227.68070659909185
  0
LWPOLYLINE
  5
1D4
330
17
100
AcDbEntity
  8
CUT
100
AcDbPolyline
 90
6
 70
1
 10
192.75817075986873
 20
221.28070659909184
 10
200.14825420549596
 20
221.28070659909184
 10
203.84329592830954
 20
227.68070659909185
 10
200.14825420549596
 20
234.08070659909185
 10
192.75817075986873
 20
234.08070659909185
 10
189.06312903705515
 20
227.68070659909185
  0
LWPOLYLINE
  5
1D5
330
17
100
AcDbEntity
  8
CUT
100
AcDbPolyline
 90
6
 70
1
 10
165.91138324255115
 20
221.28070659909184
 10
173.30146668817838
 20
221.28070659909184
 10
176.99650841099196
 20
227.68070659909185
 10
173.30146668817838
 20
234.08070659909185
 10
165.91138324255115
 20
234.08070659909185
 10
162.21634151973757
 20
227.68070659909185
  0
LWPOLYLINE
  5
1D6
330
17
100
AcDbEntity
  8
CUT
100
AcDbPolyline
 90
6
 70
1
 10
219.60495827718634
 20
221.28070659909184
 10
226.99504172281354
 20
221.28070659909184
 10
230.69008344562715
 20
227.68070659909185
 10
226.99504172281354
 20
234.08070659909185
 10
219.60495827718637
 20
234.08070659909185
 10
215.90991655437276
 20
227.68070659909185
  0
LWPOLYLINE
  5
1D7
330
17
100
AcDbEntity
  8
CUT
100
AcDbPolyline
 90
6
 70
1
 10
267.26522299878997
 20
213.53070659909184
 10
270.96026472160355
 20
219.93070659909185
 10
267.26522299878997
 20
226.33070659909185
 10
259.87513955316274
 20
226.33070659909185
 10
256.18009783034915
 20
219.93070659909185
 10
259.87513955316274
 20
213.53070659909184
  0
LWPOLYLINE
  5
1D8
330
17
100
AcDbEntity
  8
CUT
100
AcDbPolyline
 90
6
 70
1
 10
240.41843548147236
 20
213.53070659909184
 10
244.11347720428597
 20
219.93070659909185
 10
240.41843548147236
 20
226.33070659909185
 10
233.02835203584516
 20
226.33070659909185
 10
229.33331031303157
 20
219.93070659909185
 10
233.02835203584516
 20
213.53070659909184
  0
LWPOLYLINE
  5
1D9
330
17
100
AcDbEntity
  8
CUT
100
AcDbPolyline
 90
6
 70
1
 10
213.57164796415475
 20
213.53070659909184
 10
217.26668968696836
 20
219.93070659909185
 10
213.57164796415475
 20
226.33070659909185
 10
206.18156451852758
 20
226.33070659909185
 10
202.48652279571397
 20
219.93070659909185
 10
206.18156451852758
 20
213.53070659909184
  0
LWPOLYLINE
  5
1DA
330
17
100
AcDbEntity
  8
CUT
100
AcDbPolyline
 90
6
 70
1
 10
179.33477700120994
 20
213.53070659909184
 10
186.72486044683714
 20
213.53070659909184
 10
190.41990216965075
 20
219.93070659909185
 10
186.72486044683717
 20
226.33070659909185
 10
179.33477700120994
 20
226.33070659909185
 10
175.63973527839636
 20
219.93070659909185
  0
LWPOLYLINE
  5
1DB
330
17
100
AcDbEntity
  8
CUT
100
AcDbPolyline
 90
6
 70
1
 10
173.30146668817838
 20
205.78070659909184
 10
176.99650841099196
 20
212.18070659909185
 10
173.30146668817835
 20
218.58070659909185
 10
165.91138324255115
 20
218.58070659909185
 10
162.21634151973757
 20
212.18070659909185
 10
165.91138324255115
 20
205.78070659909184
  0
LWPOLYLINE
  5
1DC
330
17
100
AcDbEntity
  8
CUT
100
AcDbPolyline
 90
6
 70
1
 10
246.45174579450395
 20
205.78070659909184
 10
253.84182924013115
 20
205.78070659909184
 10
257.53687096294476
 20
212.18070659909185
 10
253.84182924013115
 20
218.58070659909185
 10
246.45174579450395
 20
218.58070659909185
 10
242.75670407169034
 20
212.18070659909185
  0
LWPOLYLINE
  5
1DD
330
17
100
AcDbEntity
  8
CUT
100
AcDbPolyline
 90
6
 70
1
 10
219.60495827718634
 20
205.78070659909184
 10
226.99504172281354
 20
205.78070659909184
 10
230.69008344562715
 20
212.18070659909185
 10
226.99504172281354
 20
218.58070659909185
 10
219.60495827718637
 20
218.58070659909185
 10
215.90991655437276
 20
212.18070659909185
  0
LWPOLYLINE
  5
1DE
330
17
100
AcDbEntity
  8
CUT
100
AcDbPolyline
 90
6
 70
1
 10
192.75817075986873
 20
205.78070659909184
 10
200.14825420549596
 20
205.78070659909184
 10
203.84329592830954
 20
212.18070659909185
 10
200.14825420549593
 20
218.58070659909185
 10
192.75817075986876
 20
218.58070659909185
 10
189.06312903705515
 20
212.18070659909185
  0
LWPOLYLINE
  5
1DF
330
17
100
AcDbEntity
  8
CUT
100
AcDbPolyline
 90
6
 70
1
 10
280.68861675744876
 20
205.78070659909184
 10
284.38365848026234
 20
212.18070659909185
 10
280.68861675744876
 20
218.58070659909185
 10
273.29853331182153
 20
218.58070659909185
 10
269.60349158900794
 20
212.18070659909185
 10
273.29853331182153
 20
205.78070659909184
  0
LWPOLYLINE
  5
1E0
330
17
100
AcDbEntity
  8
CUT
100
AcDbPolyline
 90
4
 70
1
 10
446.6
 20
202.82729475474832
 10
298.4
 20
202.82729475474832
 10
298.4
 20
252.5341184434354
 10
446.6
 20
252.5341184434354
  0
LWPOLYLINE
  5
1E1
330
17
100
AcDbEntity
  8
CUT
100
AcDbPolyline
 90
6
 70
1
 10
315.1113832425512
 20
236.78070659909184
 10
322.5014666881784
 20
236.78070659909184
 10
326.196508410992
 20
243.18070659909185
 10
322.5014666881784
 20
249.58070659909185
 10
315.1113832425512
 20
249.58070659909185
 10
311.4163415197376
 20
243.18070659909185
  0
LWPOLYLINE
  5
1E2
330
17
100
AcDbEntity
  8
CUT
100
AcDbPolyline
 90
6
 70
1
 10
422.4985333118216
 20
236.78070659909184
 10
429.8886167574488
 20
236.78070659909184
 10
433.5836584802624
 20
243.18070659909185
 10
429.8886167574488
 20
249.58070659909185
 10
422.4985333118216
 20
249.58070659909185
 10
418.803491589008
 20
243.18070659909185
  0
LWPOLYLINE
  5
1E3
330
17
100
AcDbEntity
  8
CUT
100
AcDbPolyline
 90
6
 70
1
 10
403.0418292401312
 20
236.78070659909184
 10
406.7368709629448
 20
243.18070659909185
 10
403.04182924013116
 20
249.58070659909185
 10
395.651745794504
 20
249.58070659909185
 10
391.9567040716904
 20
243.18070659909185
 10
395.651745794504
 20
236.78070659909184
  0
LWPOLYLINE
  5
1E4
330
17
100
AcDbEntity
  8
CUT
100
AcDbPolyline
 90
6
 70
1
 10
368.8049582771864
 20
236.78070659909184
 10
376.1950417228136
 20
236.78070659909184
 10
379.8900834456272
 20
243.18070659909185
 10
376.1950417228136
 20
249.58070659909185
 10
368.8049582771864
 20
249.58070659909185
 10
365.1099165543728
 20
243.18070659909185
  0
LWPOLYLINE
  5
1E5
330
17
100
AcDbEntity
  8
CUT
100
AcDbPolyline
 90
6
 70
1
 10
341.9581707598688
 20
236.78070659909184
 10
349.348254205496
 20
236.78070659909184
 10
353.0432959283096
 20
243.18070659909185
 10
349.348254205496
 20
249.58070659909185
 10
341.9581707598688
 20
249.58070659909185
 10
338.2631290370552
 20
243.18070659909185
  0
LWPOLYLINE
  5
1E6
330
17
100
AcDbEntity
  8
CUT
100
AcDbPolyline
 90
6
 70
1
 10
409.0751395531628
 20
229.03070659909184
 10
416.46522299879
 20
229.03070659909184
 10
420.1602647216036
 20
235.43070659909185
 10
416.46522299879
 20
241.83070659909185
 10
409.0751395531628
 20
241.83070659909185
 10
405.3800978303492
 20
235.43070659909185
  0
LWPOLYLINE
  5
1E7
330
17
100
AcDbEntity
  8
CUT
100
AcDbPolyline
 90
6
 70
1
 10
382.2283520358452
 20
229.03070659909184
 10
389.6184354814724
 20
229.03070659909184
 10
393.313477204286
 20
235.43070659909185
 10
389.6184354814724
 20
241.83070659909185
 10
382.2283520358452
 20
241.83070659909185
 10
378.5333103130316
 20
235.43070659909185
  0
LWPOLYLINE
  5
1E8
330
17
100
AcDbEntity
  8
CUT
100
AcDbPolyline
 90
6
 70
1
 10
362.7716479641548
 20
229.03070659909184
 10
366.46668968696844
 20
235.43070659909185
 10
362.7716479641548
 20
241.83070659909185
 10
355.3815645185276
 20
241.83070659909185
 10
351.686522795714
 20
235.43070659909185
 10
355.3815645185276
 20
229.03070659909184
  0
LWPOLYLINE
  5
1E9
330
17
100
AcDbEntity
  8
CUT
100
AcDbPolyline
 90
6
 70
1
 10
335.9248604468372
 20
229.03070659909184
 10
339.6199021696508
 20
235.43070659909185
 10
335.9248604468372
 20
241.83070659909185
 10
328.53477700121
 20
241.83070659909185
 10
324.8397352783964
 20
235.43070659909185
 10
328.53477700121
 20
229.03070659909184
  0
LWPOLYLINE
  5
1EA
330
17
100
AcDbEntity
  8
CUT
100
AcDbPolyline
 90
6
 70
1
 10
429.8886167574488
 20
221.28070659909184
 10
433.5836584802624
 20
227.68070659909185
 10
429.8886167574488
 20
234.08070659909185
 10
422.4985333118216
 20
234.08070659909185
 10
418.803491589008
 20
227.68070659909185
 10
422.4985333118216
 20
221.28070659909184
  0
LWPOLYLINE
  5
1EB
330
17
100
AcDbEntity
  8
CUT
100
AcDbPolyline
 90
6
 70
1
 10
395.651745794504
 20
221.28070659909184
 10
403.0418292401312
 20
221.28070659909184
 10
406.7368709629448
 20
227.68070659909185
 10
403.04182924013116
 20
234.08070659909185
 10
395.651745794504
 20
234.08070659909185
 10
391.9567040716904
 20
227.68070659909185
  0
LWPOLYLINE
  5
1EC
330
17
100
AcDbEntity
  8
CUT
100
AcDbPolyline
 90
6
 70
1
 10
341.9581707598688
 20
221.28070659909184
 10
349.348254205496
 20
221.28070659909184
 10
353.0432959283096
 20
227.68070659909185
 10
349.348254205496
 20
234.08070659909185
 10
341.9581707598688
 20
234.08070659909185
 10
338.2631290370552
 20
227.68070659909185
  0
LWPOLYLINE
  5
1ED
330
17
100
AcDbEntity
  8
CUT
100
AcDbPolyline
 90
6
 70
1
 10
315.1113832425512
 20
221.28070659909184
 10
322.5014666881784
 20
221.28070659909184
 10
326.196508410992
 20
227.68070659909185
 10
322.5014666881784
 20
234.08070659909185
 10
315.1113832425512
 20
234.08070659909185
 10
311.4163415197376
 20
227.68070659909185
  0
LWPOLYLINE
  5
1EE
330
17
100
AcDbEntity
  8
CUT
100
AcDbPolyline
 90
6
 70
1
 10
368.8049582771864
 20
221.28070659909184
 10
376.1950417228136
 20
221.28070659909184
 10
379.89008344562717
 20
227.68070659909185
 10
376.1950417228136
 20
234.08070659909185
 10
368.8049582771864
 20
234.08070659909185
 10
365.10991655437283
 20
227.68070659909185
  0
LWPOLYLINE
  5
1EF
330
17
100
AcDbEntity
  8
CUT
100
AcDbPolyline
 90
6
 70
1
 10
416.46522299879
 20
213.53070659909184
 10
420.1602647216036
 20
219.93070659909185
 10
416.46522299879
 20
226.33070659909185
 10
409.0751395531628
 20
226.33070659909185
 10
405.3800978303492
 20
219.93070659909185
 10
409.0751395531628
 20
213.53070659909184
  0
LWPOLYLINE
  5
1F0
330
17
100
AcDbEntity
  8
CUT
100
AcDbPolyline
 90
6
 70
1
 10
389.6184354814724
 20
213.53070659909184
 10
393.313477204286
 20
219.93070659909185
 10
389.6184354814724
 20
226.33070659909185
 10
382.2283520358452
 20
226.33070659909185
 10
378.5333103130316
 20
219.93070659909185
 10
382.2283520358452
 20
213.53070659909184
  0
LWPOLYLINE
  5
1F1
330
17
100
AcDbEntity
  8
CUT
100
AcDbPolyline
 90
6
 70
1
 10
362.7716479641548
 20
213.53070659909184
 10
366.4666896869684
 20
219.93070659909185
 10
362.7716479641548
 20
226.33070659909185
 10
355.3815645185276
 20
226.33070659909185
 10
351.68652279571404
 20
219.93070659909185
 10
355.3815645185276
 20
213.53070659909184
  0
LWPOLYLINE
  5
1F2
330
17
100
AcDbEntity
  8
CUT
100
AcDbPolyline
 90
6
 70
1
 10
328.53477700121
 20
213.53070659909184
 10
335.9248604468372
 20
213.53070659909184
 10
339.6199021696508
 20
219.93070659909185
 10
335.9248604468372
 20
226.33070659909185
 10
328.53477700121
 20
226.33070659909185
 10
324.8397352783964
 20
219.93070659909185
  0
LWPOLYLINE
  5
1F3
330
17
100
AcDbEntity
  8
CUT
100
AcDbPolyline
 90
6
 70
1
 10
322.5014666881784
 20
205.78070659909184
 10
326.196508410992
 20
212.18070659909185
 10
322.5014666881784
 20
218.58070659909185
 10
315.1113832425512
 20
218.58070659909185
 10
311.4163415197376
 20
212.18070659909185
 10
315.1113832425512
 20
205.78070659909184
  0
LWPOLYLINE
  5
1F4
330
17
100
AcDbEntity
  8
CUT
100
AcDbPolyline
 90
6
 70
1
 10
395.651745794504
 20
205.78070659909184
 10
403.0418292401312
 20
205.78070659909184
 10
406.7368709629448
 20
212.18070659909185
 10
403.04182924013116
 20
218.58070659909185
 10
395.651745794504
 20
218.58070659909185
 10
391.9567040716904
 20
212.18070659909185
  0
LWPOLYLINE
  5
1F5
330
17
100
AcDbEntity
  8
CUT
100
AcDbPolyline
 90
6
 70
1
 10
368.8049582771864
 20
205.78070659909184
 10
376.1950417228136
 20
205.78070659909184
 10
379.89008344562717
 20
212.18070659909185
 10
376.1950417228136
 20
218.58070659909185
 10
368.8049582771864
 20
218.58070659909185
 10
365.10991655437283
 20
212.18070659909185
  0
LWPOLYLINE
  5
1F6
330
17
100
AcDbEntity
  8
CUT
100
AcDbPolyline
 90
6
 70
1
 10
341.9581707598688
 20
205.78070659909184
 10
349.348254205496
 20
205.78070659909184
 10
353.0432959283096
 20
212.18070659909185
 10
349.348254205496
 20
218.58070659909185
 10
341.95817075986884
 20
218.58070659909185
 10
338.2631290370552
 20
212.18070659909185
  0
LWPOLYLINE
  5
1F7
330
17
100
AcDbEntity
  8
CUT
100
AcDbPolyline
 90
6
 70
1
 10
429.8886167574488
 20
205.78070659909184
 10
433.5836584802624
 20
212.18070659909185
 10
429.8886167574488
 20
218.58070659909185
 10
422.4985333118216
 20
218.58070659909185
 10
418.803491589008
 20
212.18070659909185
 10
422.4985333118216
 20
205.78070659909184
  0
LWPOLYLINE
  5
1F8
330
17
100
AcDbEntity
  8
CUT
100
AcDbPolyline
 90
4
 70
1
 10
595.8
 20
202.82729475474832
 10
447.5999999999999
 20
202.82729475474832
 10
447.5999999999999
 20
252.5341184434354
 10
595.8
 20
252.5341184434354
  0
LWPOLYLINE
  5
1F9
330
17
100
AcDbEntity
  8
CUT
100
AcDbPolyline
 90
6
 70
1
 10
464.31138324255113
 20
236.78070659909184
 10
471.70146668817836
 20
236.78070659909184
 10
475.39650841099194
 20
243.18070659909185
 10
471.70146668817836
 20
249.58070659909185
 10
464.31138324255113
 20
249.58070659909185
 10
460.61634151973755
 20
243.18070659909185
  0
LWPOLYLINE
  5
1FA
330
17
100
AcDbEntity
  8
CUT
100
AcDbPolyline
 90
6
 70
1
 10
571.6985333118215
 20
236.78070659909184
 10
579.0886167574488
 20
236.78070659909184
 10
582.7836584802624
 20
243.18070659909185
 10
579.0886167574488
 20
249.58070659909185
 10
571.6985333118215
 20
249.58070659909185
 10
568.0034915890079
 20
243.18070659909185
  0
LWPOLYLINE
  5
1FB
330
17
100
AcDbEntity
  8
CUT
100
AcDbPolyline
 90
6
 70
1
 10
552.2418292401311
 20
236.78070659909184
 10
555.9368709629448
 20
243.18070659909185
 10
552.2418292401311
 20
249.58070659909185
 10
544.8517457945039
 20
249.58070659909185
 10
541.1567040716903
 20
243.18070659909185
 10
544.8517457945039
 20
236.78070659909184
  0
LWPOLYLINE
  5
1FC
330
17
100
AcDbEntity
  8
CUT
100
AcDbPolyline
 90
6
 70
1
 10
518.0049582771863
 20
236.78070659909184
 10
525.3950417228135
 20
236.78070659909184
 10
529.0900834456271
 20
243.18070659909185
 10
525.3950417228135
 20
249.58070659909185
 10
518.0049582771863
 20
249.58070659909185
 10
514.3099165543728
 20
243.18070659909185
  0
LWPOLYLINE
  5
1FD
330
17
100
AcDbEntity
  8
CUT
100
AcDbPolyline
 90
6
 70
1
 10
491.1581707598687
 20
236.78070659909184
 10
498.54825420549594
 20
236.78070659909184
 10
502.2432959283095
 20
243.18070659909185
 10
498.54825420549594
 20
249.58070659909185
 10
491.1581707598687
 20
249.58070659909185
 10
487.4631290370551
 20
243.18070659909185
  0
LWPOLYLINE
  5
1FE
330
17
100
AcDbEntity
  8
CUT
100
AcDbPolyline
 90
6
 70
1
 10
558.2751395531627
 20
229.03070659909184
 10
565.6652229987899
 20
229.03070659909184
 10
569.3602647216036
 20
235.43070659909185
 10
565.6652229987899
 20
241.83070659909185
 10
558.2751395531627
 20
241.83070659909185
 10
554.5800978303491
 20
235.43070659909185
  0
LWPOLYLINE
  5
1FF
330
17
100
AcDbEntity
  8
CUT
100
AcDbPolyline
 90
6
 70
1
 10
531.4283520358451
 20
229.03070659909184
 10
538.8184354814723
 20
229.03070659909184
 10
542.5134772042859
 20
235.43070659909185
 10
538.8184354814723
 20
241.83070659909185
 10
531.4283520358451
 20
241.83070659909185
 10
527.7333103130316
 20
235.43070659909185
  0
LWPOLYLINE
  5
200
330
17
100
AcDbEntity
  8
CUT
100
AcDbPolyline
 90
6
 70
1
 10
511.9716479641547
 20
229.03070659909184
 10
515.6666896869683
 20
235.43070659909185
 10
511.9716479641547
 20
241.83070659909185
 10
504.58156451852756
 20
241.83070659909185
 10
500.8865227957139
 20
235.43070659909185
 10
504.58156451852756
 20
229.03070659909184
  0
LWPOLYLINE
  5
201
330
17
100
AcDbEntity
  8
CUT
100
AcDbPolyline
 90
6
 70
1
 10
485.12486044683715
 20
229.03070659909184
 10
488.81990216965073
 20
235.43070659909185
 10
485.12486044683715
 20
241.83070659909185
 10
477.7347770012099
 20
241.83070659909185
 10
474.03973527839634
 20
235.43070659909185
 10
477.7347770012099
 20
229.03070659909184
  0
LWPOLYLINE
  5
202
330
17
100
AcDbEntity
  8
CUT
100
AcDbPolyline
 90
6
 70
1
 10
579.0886167574487
 20
221.28070659909184
 10
582.7836584802624
 20
227.68070659909185
 10
579.0886167574487
 20
234.08070659909185
 10
571.6985333118215
 20
234.08070659909185
 10
568.0034915890079
 20
227.68070659909185
 10
571.6985333118215
 20
221.28070659909184
  0
LWPOLYLINE
  5
203
330
17
100
AcDbEntity
  8
CUT
100
AcDbPolyline
 90
6
 70
1
 10
544.8517457945039
 20
221.28070659909184
 10
552.2418292401311
 20
221.28070659909184
 10
555.9368709629448
 20
227.68070659909185
 10
552.2418292401311
 20
234.08070659909185
 10
544.8517457945039
 20
234.08070659909185
 10
541.1567040716903
 20
227.68070659909185
  0
LWPOLYLINE
  5
204
330
17
100
AcDbEntity
  8
CUT
100
AcDbPolyline
 90
6
 70
1
 10
491.1581707598687
 20
221.28070659909184
 10
498.54825420549594
 20
221.28070659909184
 10
502.2432959283095
 20
227.68070659909185
 10
498.54825420549594
 20
234.08070659909185
 10
491.1581707598687
 20
234.08070659909185
 10
487.4631290370551
 20
227.68070659909185
  0
LWPOLYLINE
  5
205
330
17
100
AcDbEntity
  8
CUT
100
AcDbPolyline
 90
6
 70
1
 10
464.31138324255113
 20
221.28070659909184
 10
471.70146668817836
 20
221.28070659909184
 10
475.39650841099194
 20
227.68070659909185
 10
471.70146668817836
 20
234.08070659909185
 10
464.31138324255113
 20
234.08070659909185
 10
460.61634151973755
 20
227.68070659909185
  0
LWPOLYLINE
  5
206
330
17
100
AcDbEntity
  8
CUT
100
AcDbPolyline
 90
6
 70
1
 10
518.0049582771863
 20
221.28070659909184
 10
525.3950417228135
 20
221.28070659909184
 10
529.0900834456271
 20
227.68070659909185
 10
525.3950417228135
 20
234.08070659909185
 10
518.0049582771863
 20
234.08070659909185
 10
514.3099165543728
 20
227.68070659909185
  0
LWPOLYLINE
  5
207
330
17
100
AcDbEntity
  8
CUT
100
AcDbPolyline
 90
6
 70
1
 10
565.6652229987899
 20
213.53070659909184
 10
569.3602647216036
 20
219.93070659909185
 10
565.6652229987899
 20
226.33070659909185
 10
558.2751395531627
 20
226.33070659909185
 10
554.5800978303491
 20
219.93070659909185
 10
558.2751395531627
 20
213.53070659909184
  0
LWPOLYLINE
  5
208
330
17
100
AcDbEntity
  8
CUT
100
AcDbPolyline
 90
6
 70
1
 10
538.8184354814723
 20
213.53070659909184
 10
542.5134772042859
 20
219.93070659909185
 10
538.8184354814723
 20
226.33070659909185
 10
531.4283520358451
 20
226.33070659909185
 10
527.7333103130316
 20
219.93070659909185
 10
531.4283520358451
 20
213.53070659909184
  0
LWPOLYLINE
  5
209
330
17
100
AcDbEntity
  8
CUT
100
AcDbPolyline
 90
6
 70
1
 10
511.9716479641547
 20
213.53070659909184
 10
515.6666896869683
 20
219.93070659909185
 10
511.9716479641547
 20
226.33070659909185
 10
504.58156451852756
 20
226.33070659909185
 10
500.886522795714
 20
219.93070659909185
 10
504.58156451852756
 20
213.53070659909184
  0
LWPOLYLINE
  5
20A
330
17
100
AcDbEntity
  8
CUT
100
AcDbPolyline
 90
6
 70
1
 10
477.7347770012099
 20
213.53070659909184
 10
485.12486044683715
 20
213.53070659909184
 10
488.81990216965073
 20
219.93070659909185
 10
485.12486044683715
 20
226.33070659909185
 10
477.7347770012099
 20
226.33070659909185
 10
474.03973527839634
 20
219.93070659909185
  0
LWPOLYLINE
  5
20B
330
17
100
AcDbEntity
  8
CUT
100
AcDbPolyline
 90
6
 70
1
 10
471.70146668817836
 20
205.78070659909184
 10
475.39650841099194
 20
212.18070659909185
 10
471.70146668817836
 20
218.58070659909185
 10
464.31138324255113
 20
218.58070659909185
 10
460.61634151973755
 20
212.18070659909185
 10
464.31138324255113
 20
205.78070659909184
  0
LWPOLYLINE
  5
20C
330
17
100
AcDbEntity
  8
CUT
100
AcDbPolyline
 90
6
 70
1
 10
544.8517457945039
 20
205.78070659909184
 10
552.2418292401311
 20
205.78070659909184
 10
555.9368709629448
 20
212.18070659909185
 10
552.2418292401311
 20
218.58070659909185
 10
544.8517457945039
 20
218.58070659909185
 10
541.1567040716903
 20
212.18070659909185
  0
LWPOLYLINE
  5
20D
330
17
100
AcDbEntity
  8
CUT
100
AcDbPolyline
 90
6
 70
1
 10
518.0049582771863
 20
205.78070659909184
 10
525.3950417228135
 20
205.78070659909184
 10
529.0900834456271
 20
212.18070659909185
 10
525.3950417228135
 20
218.58070659909185
 10
518.0049582771863
 20
218.58070659909185
 10
514.3099165543728
 20
212.18070659909185
  0
LWPOLYLINE
  5
20E
330
17
100
AcDbEntity
  8
CUT
100
AcDbPolyline
 90
6
 70
1
 10
491.1581707598687
 20
205.78070659909184
 10
498.54825420549594
 20
205.78070659909184
 10
502.2432959283095
 20
212.18070659909185
 10
498.54825420549594
 20
218.58070659909185
 10
491.15817075986877
 20
218.58070659909185
 10
487.4631290370551
 20
212.18070659909185
  0
LWPOLYLINE
  5
20F
330
17
100
AcDbEntity
  8
CUT
100
AcDbPolyline
 90
6
 70
1
 10
579.0886167574487
 20
205.78070659909184
 10
582.7836584802624
 20
212.18070659909185
 10
579.0886167574487
 20
218.58070659909185
 10
571.6985333118215
 20
218.58070659909185
 10
568.0034915890079
 20
212.18070659909185
 10
571.6985333118215
 20
205.78070659909184
  0
LWPOLYLINE
  5
210
330
17
100
AcDbEntity
  8
CUT
100
AcDbPolyline
 90
4
 70
1
 10
148.2
 20
253.5341184434354
 10
0.0
 20
253.5341184434354
 10
0.0
 20
303.2409421321225
 10
148.2
 20
303.2409421321225
  0
LWPOLYLINE
  5
211
330
17
100
AcDbEntity
  8
CUT
100
AcDbPolyline
 90
6
 70
1
 10
16.711383242551193
 20
287.48753028777895
 10
24.101466688178405
 20
287.48753028777895
 10
27.79650841099202
 20
293.88753028777893
 10
24.101466688178405
 20
300.28753028777896
 10
16.711383242551193
 20
300.28753028777896
 10
13.016341519737608
 20
293.88753028777893
  0
LWPOLYLINE
  5
212
330
17
100
AcDbEntity
  8
CUT
100
AcDbPolyline
 90
6
 70
1
 10
124.09853331182158
 20
287.48753028777895
 10
131.4886167574488
 20
287.48753028777895
 10
135.1836584802624
 20
293.88753028777893
 10
131.4886167574488
 20
300.28753028777896
 10
124.09853331182158
 20
300.28753028777896
 10
120.40349158900798
 20
293.88753028777893
  0
LWPOLYLINE
  5
213
330
17
100
AcDbEntity
  8
CUT
100
AcDbPolyline
 90
6
 70
1
 10
104.64182924013119
 20
287.48753028777895
 10
108.3368709629448
 20
293.88753028777893
 10
104.64182924013119
 20
300.28753028777896
 10
97.25174579450399
 20
300.28753028777896
 10
93.55670407169038
 20
293.88753028777893
 10
97.25174579450399
 20
287.48753028777895
  0
LWPOLYLINE
  5
214
330
17
100
AcDbEntity
  8
CUT
100
AcDbPolyline
 90
6
 70
1
 10
70.40495827718638
 20
287.48753028777895
 10
77.7950417228136
 20
287.48753028777895
 10
81.4900834456272
 20
293.88753028777893
 10
77.7950417228136
 20
300.28753028777896
 10
70.4049582771864
 20
300.28753028777896
 10
66.70991655437278
 20
293.88753028777893
  0
LWPOLYLINE
  5
215
330
17
100
AcDbEntity
  8
CUT
100
AcDbPolyline
 90
6
 70
1
 10
43.55817075986877
 20
287.48753028777895
 10
50.948254205495985
 20
287.48753028777895
 10
54.6432959283096
 20
293.88753028777893
 10
50.948254205495985
 20
300.28753028777896
 10
43.55817075986879
 20
300.28753028777896
 10
39.863129037055174
 20
293.88753028777893
  0
LWPOLYLINE
  5
216
330
17
100
AcDbEntity
  8
CUT
100
AcDbPolyline
 90
6
 70
1
 10
110.67513955316278
 20
279.73753028777895
 10
118.06522299878999
 20
279.73753028777895
 10
121.7602647216036
 20
286.13753028777893
 10
118.06522299879
 20
292.53753028777896
 10
110.67513955316278
 20
292.53753028777896
 10
106.98009783034918
 20
286.13753028777893
  0
LWPOLYLINE
  5
217
330
17
100
AcDbEntity
  8
CUT
100
AcDbPolyline
 90
6
 70
1
 10
83.82835203584519
 20
279.73753028777895
 10
91.2184354814724
 20
279.73753028777895
 10
94.91347720428601
 20
286.13753028777893
 10
91.2184354814724
 20
292.53753028777896
 10
83.82835203584519
 20
292.53753028777896
 10
80.13331031303159
 20
286.13753028777893
  0
LWPOLYLINE
  5
218
330
17
100
AcDbEntity
  8
CUT
100
AcDbPolyline
 90
6
 70
1
 10
64.3716479641548
 20
279.73753028777895
 10
68.06668968696842
 20
286.13753028777893
 10
64.3716479641548
 20
292.53753028777896
 10
56.981564518527605
 20
292.53753028777896
 10
53.28652279571399
 20
286.13753028777893
 10
56.98156451852759
 20
279.73753028777895
  0
LWPOLYLINE
  5
219
330
17
100
AcDbEntity
  8
CUT
100
AcDbPolyline
 90
6
 70
1
 10
37.524860446837195
 20
279.73753028777895
 10
41.21990216965081
 20
286.13753028777893
 10
37.524860446837195
 20
292.53753028777896
 10
30.134777001209997
 20
292.53753028777896
 10
26.439735278396384
 20
286.13753028777893
 10
30.134777001209983
 20
279.73753028777895
  0
LWPOLYLINE
  5
21A
330
17
100
AcDbEntity
  8
CUT
100
AcDbPolyline
 90
6
 70
1
 10
131.4886167574488
 20
271.98753028777895
 10
135.1836584802624
 20
278.38753028777893
 10
131.4886167574488
 20
284.78753028777896
 10
124.09853331182158
 20
284.78753028777896
 10
120.40349158900798
 20
278.38753028777893
 10
124.09853331182158
 20
271.98753028777895
  0
LWPOLYLINE
  5
21B
330
17
100
AcDbEntity
  8
CUT
100
AcDbPolyline
 90
6
 70
1
 10
97.25174579450399
 20
271.98753028777895
 10
104.64182924013119
 20
271.98753028777895
 10
108.3368709629448
 20
278.38753028777893
 10
104.64182924013119
 20
284.78753028777896
 10
97.25174579450399
 20
284.78753028777896
 10
93.55670407169038
 20
278.38753028777893
  0
LWPOLYLINE
  5
21C
330
17
100
AcDbEntity
  8
CUT
100
AcDbPolyline
 90
6
 70
1
 10
43.55817075986877
 20
271.98753028777895
 10
50.948254205495985
 20
271.98753028777895
 10
54.643295928309584
 20
278.38753028777893
 10
50.948254205495985
 20
284.78753028777896
 10
43.55817075986879
 20
284.78753028777896
 10
39.86312903705519
 20
278.38753028777893
  0
LWPOLYLINE
  5
21D
330
17
100
AcDbEntity
  8
CUT
100
AcDbPolyline
 90
6
 70
1
 10
16.711383242551193
 20
271.98753028777895
 10
24.101466688178405
 20
271.98753028777895
 10
27.796508410992004
 20
278.38753028777893
 10
24.101466688178405
 20
284.78753028777896
 10
16.711383242551193
 20
284.78753028777896
 10
13.016341519737608
 20
278.38753028777893
  0
LWPOLYLINE
  5
21E
330
17
100
AcDbEntity
  8
CUT
100
AcDbPolyline
 90
6
 70
1
 10
70.40495827718638
 20
271.98753028777895
 10
77.7950417228136
 20
271.98753028777895
 10
81.49008344562719
 20
278.38753028777893
 10
77.7950417228136
 20
284.78753028777896
 10
70.4049582771864
 20
284.78753028777896
 10
66.7099165543728
 20
278.38753028777893
  0
LWPOLYLINE
  5
21F
330
17
100
AcDbEntity
  8
CUT
100
AcDbPolyline
 90
6
 70
1
 10
118.06522299878999
 20
264.23753028777895
 10
121.7602647216036
 20
270.63753028777893
 10
118.06522299878999
 20
277.03753028777896
 10
110.67513955316278
 20
277.03753028777896
 10
106.98009783034918
 20
270.63753028777893
 10
110.67513955316278
 20
264.23753028777895
  0
LWPOLYLINE
  5
220
330
17
100
AcDbEntity
  8
CUT
100
AcDbPolyline
 90
6
 70
1
 10
91.2184354814724
 20
264.23753028777895
 10
94.91347720428601
 20
270.63753028777893
 10
91.2184354814724
 20
277.03753028777896
 10
83.82835203584519
 20
277.03753028777896
 10
80.1333103130316
 20
270.63753028777893
 10
83.8283520358452
 20
264.23753028777895
  0
LWPOLYLINE
  5
221
330
17
100
AcDbEntity
  8
CUT
100
AcDbPolyline
 90
6
 70
1
 10
64.37164796415479
 20
264.23753028777895
 10
68.0666896869684
 20
270.63753028777893
 10
64.3716479641548
 20
277.03753028777896
 10
56.981564518527605
 20
277.03753028777896
 10
53.286522795714006
 20
270.63753028777893
 10
56.981564518527605
 20
264.23753028777895
  0
LWPOLYLINE
  5
222
330
17
100
AcDbEntity
  8
CUT
100
AcDbPolyline
 90
6
 70
1
 10
30.134777001209997
 20
264.23753028777895
 10
37.52486044683718
 20
264.23753028777895
 10
41.219902169650794
 20
270.63753028777893
 10
37.524860446837195
 20
277.03753028777896
 10
30.134777001209997
 20
277.03753028777896
 10
26.439735278396398
 20
270.63753028777893
  0
LWPOLYLINE
  5
223
330
17
100
AcDbEntity
  8
CUT
100
AcDbPolyline
 90
6
 70
1
 10
24.101466688178405
 20
256.48753028777895
 10
27.796508410992004
 20
262.88753028777893
 10
24.10146668817839
 20
269.28753028777896
 10
16.711383242551193
 20
269.28753028777896
 10
13.016341519737608
 20
262.88753028777893
 10
16.711383242551193
 20
256.48753028777895
  0
LWPOLYLINE
  5
224
330
17
100
AcDbEntity
  8
CUT
100
AcDbPolyline
 90
6
 70
1
 10
97.25174579450399
 20
256.48753028777895
 10
104.64182924013119
 20
256.48753028777895
 10
108.3368709629448
 20
262.88753028777893
 10
104.64182924013119
 20
269.28753028777896
 10
97.25174579450399
 20
269.28753028777896
 10
93.55670407169038
 20
262.88753028777893
  0
LWPOLYLINE
  5
225
330
17
100
AcDbEntity
  8
CUT
100
AcDbPolyline
 90
6
 70
1
 10
70.40495827718638
 20
256.48753028777895
 10
77.7950417228136
 20
256.48753028777895
 10
81.49008344562719
 20
262.88753028777893
 10
77.79504172281358
 20
269.28753028777896
 10
70.40495827718641
 20
269.28753028777896
 10
66.7099165543728
 20
262.88753028777893
  0
LWPOLYLINE
  5
226
330
17
100
AcDbEntity
  8
CUT
100
AcDbPolyline
 90
6
 70
1
 10
43.55817075986877
 20
256.48753028777895
 10
50.948254205495985
 20
256.48753028777895
 10
54.643295928309584
 20
262.88753028777893
 10
50.94825420549597
 20
269.28753028777896
 10
43.5581707598688
 20
269.28753028777896
 10
39.86312903705519
 20
262.88753028777893
  0
LWPOLYLINE
  5
227
330
17
100
AcDbEntity
  8
CUT
100
AcDbPolyline
 90
6
 70
1
 10
131.4886167574488
 20
256.48753028777895
 10
135.1836584802624
 20
262.88753028777893
 10
131.4886167574488
 20
269.28753028777896
 10
124.09853331182158
 20
269.28753028777896
 10
120.40349158900798
 20
262.88753028777893
 10
124.09853331182158
 20
256.48753028777895
  0
LWPOLYLINE
  5
228
330
17
100
AcDbEntity
  8
CUT
100
AcDbPolyline
 90
4
 70
1
 10
297.4
 20
253.5341184434354
 10
149.19999999999996
 20
253.5341184434354
 10
149.19999999999996
 20
303.2409421321225
 10
297.4
 20
303.2409421321225
  0
LWPOLYLINE
  5
229
330
17
100
AcDbEntity
  8
CUT
100
AcDbPolyline
 90
6
 70
1
 10
165.91138324255115
 20
287.48753028777895
 10
173.30146668817838
 20
287.48753028777895
 10
176.99650841099196
 20
293.88753028777893
 10
173.30146668817838
 20
300.28753028777896
 10
165.91138324255115
 20
300.28753028777896
 10
162.21634151973757
 20
293.88753028777893
  0
LWPOLYLINE
  5
22A
330
17
100
AcDbEntity
  8
CUT
100
AcDbPolyline
 90
6
 70
1
 10
273.29853331182153
 20
287.48753028777895
 10
280.68861675744876
 20
287.48753028777895
 10
284.38365848026234
 20
293.88753028777893
 10
280.68861675744876
 20
300.28753028777896
 10
273.29853331182153
 20
300.28753028777896
 10
269.60349158900794
 20
293.88753028777893
  0
LWPOLYLINE
  5
22B
330
17
100
AcDbEntity
  8
CUT
100
AcDbPolyline
 90
6
 70
1
 10
253.84182924013115
 20
287.48753028777895
 10
257.53687096294476
 20
293.88753028777893
 10
253.84182924013115
 20
300.28753028777896
 10
246.45174579450395
 20
300.28753028777896
 10
242.75670407169034
 20
293.88753028777893
 10
246.45174579450395
 20
287.48753028777895
  0
LWPOLYLINE
  5
22C
330
17
100
AcDbEntity
  8
CUT
100
AcDbPolyline
 90
6
 70
1
 10
219.60495827718634
 20
287.48753028777895
 10
226.99504172281354
 20
287.48753028777895
 10
230.69008344562718
 20
293.88753028777893
 10
226.99504172281354
 20
300.28753028777896
 10
219.60495827718637
 20
300.28753028777896
 10
215.90991655437273
 20
293.88753028777893
  0
LWPOLYLINE
  5
22D
330
17
100
AcDbEntity
  8
CUT
100
AcDbPolyline
 90
6
 70
1
 10
192.75817075986873
 20
287.48753028777895
 10
200.14825420549596
 20
287.48753028777895
 10
203.84329592830954
 20
293.88753028777893
 10
200.14825420549596
 20
300.28753028777896
 10
192.75817075986873
 20
300.28753028777896
 10
189.06312903705515
 20
293.88753028777893
  0
LWPOLYLINE
  5
22E
330
17
100
AcDbEntity
  8
CUT
100
AcDbPolyline
 90
6
 70
1
 10
259.87513955316274
 20
279.73753028777895
 10
267.26522299878997
 20
279.73753028777895
 10
270.96026472160355
 20
286.13753028777893
 10
267.26522299878997
 20
292.53753028777896
 10
259.87513955316274
 20
292.53753028777896
 10
256.18009783034915
 20
286.13753028777893
  0
LWPOLYLINE
  5
22F
330
17
100
AcDbEntity
  8
CUT
100
AcDbPolyline
 90
6
 70
1
 10
233.02835203584516
 20
279.73753028777895
 10
240.41843548147236
 20
279.73753028777895
 10
244.11347720428597
 20
286.13753028777893
 10
240.41843548147236
 20
292.53753028777896
 10
233.02835203584516
 20
292.53753028777896
 10
229.33331031303155
 20
286.13753028777893
  0
LWPOLYLINE
  5
230
330
17
100
AcDbEntity
  8
CUT
100
AcDbPolyline
 90
6
 70
1
 10
213.57164796415475
 20
279.73753028777895
 10
217.2666896869684
 20
286.13753028777893
 10
213.57164796415475
 20
292.53753028777896
 10
206.18156451852758
 20
292.53753028777896
 10
202.48652279571394
 20
286.13753028777893
 10
206.18156451852755
 20
279.73753028777895
  0
LWPOLYLINE
  5
231
330
17
100
AcDbEntity
  8
CUT
100
AcDbPolyline
 90
6
 70
1
 10
186.72486044683717
 20
279.73753028777895
 10
190.41990216965075
 20
286.13753028777893
 10
186.72486044683717
 20
292.53753028777896
 10
179.33477700120994
 20
292.53753028777896
 10
175.63973527839636
 20
286.13753028777893
 10
179.33477700120994
 20
279.73753028777895
  0
LWPOLYLINE
  5
232
330
17
100
AcDbEntity
  8
CUT
100
AcDbPolyline
 90
6
 70
1
 10
280.68861675744876
 20
271.98753028777895
 10
284.38365848026234
 20
278.38753028777893
 10
280.68861675744876
 20
284.78753028777896
 10
273.29853331182153
 20
284.78753028777896
 10
269.60349158900794
 20
278.38753028777893
 10
273.29853331182153
 20
271.98753028777895
  0
LWPOLYLINE
  5
233
330
17
100
AcDbEntity
  8
CUT
100
AcDbPolyline
 90
6
 70
1
 10
246.45174579450395
 20
271.98753028777895
 10
253.84182924013115
 20
271.98753028777895
 10
257.53687096294476
 20
278.38753028777893
 10
253.84182924013115
 20
284.78753028777896
 10
246.45174579450395
 20
284.78753028777896
 10
242.75670407169034
 20
278.38753028777893
  0
LWPOLYLINE
  5
234
330
17
100
AcDbEntity
  8
CUT
100
AcDbPolyline
 90
6
 70
1
 10
192.75817075986873
 20
271.98753028777895
 10
200.14825420549596
 20
271.98753028777895
 10
203.84329592830954
 20
278.38753028777893
 10
200.14825420549596
 20
284.78753028777896
 10
192.75817075986873
 20
284.78753028777896
 10
189.06312903705515
 20
278.38753028777893
  0
LWPOLYLINE
  5
235
330
17
100
AcDbEntity
  8
CUT
100
AcDbPolyline
 90
6
 70
1
 10
165.91138324255115
 20
271.98753028777895
 10
173.30146668817838
 20
271.98753028777895
 10
176.99650841099196
 20
278.38753028777893
 10
173.30146668817838
 20
284.78753028777896
 10
165.91138324255115
 20
284.78753028777896
 10
162.21634151973757
 20
278.38753028777893
  0
LWPOLYLINE
  5
236
330
17
100
AcDbEntity
  8
CUT
100
AcDbPolyline
 90
6
 70
1
 10
219.60495827718634
 20
271.98753028777895
 10
226.99504172281354
 20
271.98753028777895
 10
230.69008344562715
 20
278.38753028777893
 10
226.99504172281354
 20
284.78753028777896
 10
219.60495827718637
 20
284.78753028777896
 10
215.90991655437276
 20
278.38753028777893
  0
LWPOLYLINE
  5
237
330
17
100
AcDbEntity
  8
CUT
100
AcDbPolyline
 90
6
 70
1
 10
267.26522299878997
 20
264.23753028777895
 10
270.96026472160355
 20
270.63753028777893
 10
267.26522299878997
 20
277.03753028777896
 10
259.87513955316274
 20
277.03753028777896
 10
256.18009783034915
 20
270.63753028777893
 10
259.87513955316274
 20
264.23753028777895
  0
LWPOLYLINE
  5
238
330
17
100
AcDbEntity
  8
CUT
100
AcDbPolyline
 90
6
 70
1
 10
240.41843548147236
 20
264.23753028777895
 10
244.11347720428597
 20
270.63753028777893
 10
240.41843548147236
 20
277.03753028777896
 10
233.02835203584516
 20
277.03753028777896
 10
229.33331031303157
 20
270.63753028777893
 10
233.02835203584516
 20
264.23753028777895
  0
LWPOLYLINE
  5
239
330
17
100
AcDbEntity
  8
CUT
100
AcDbPolyline
 90
6
 70
1
 10
213.57164796415475
 20
264.23753028777895
 10
217.26668968696836
 20
270.63753028777893
 10
213.57164796415475
 20
277.03753028777896
 10
206.18156451852758
 20
277.03753028777896
 10
202.48652279571397
 20
270.63753028777893
 10
206.18156451852758
 20
264.23753028777895
  0
LWPOLYLINE
  5
23A
330
17
100
AcDbEntity
  8
CUT
100
AcDbPolyline
 90
6
 70
1
 10
179.33477700120994
 20
264.23753028777895
 10
186.72486044683714
 20
264.23753028777895
 10
190.41990216965075
 20
270.63753028777893
 10
186.72486044683717
 20
277.03753028777896
 10
179.33477700120994
 20
277.03753028777896
 10
175.63973527839636
 20
270.63753028777893
  0
LWPOLYLINE
  5
23B
330
17
100
AcDbEntity
  8
CUT
100
AcDbPolyline
 90
6
 70
1
 10
173.30146668817838
 20
256.48753028777895
 10
176.99650841099196
 20
262.88753028777893
 10
173.30146668817835
 20
269.28753028777896
 10
165.91138324255115
 20
269.28753028777896
 10
162.21634151973757
 20
262.88753028777893
 10
165.91138324255115
 20
256.48753028777895
  0
LWPOLYLINE
  5
23C
330
17
100
AcDbEntity
  8
CUT
100
AcDbPolyline
 90
6
 70
1
 10
246.45174579450395
 20
256.48753028777895
 10
253.84182924013115
 20
256.48753028777895
 10
257.53687096294476
 20
262.88753028777893
 10
253.84182924013115
 20
269.28753028777896
 10
246.45174579450395
 20
269.28753028777896
 10
242.75670407169034
 20
262.88753028777893
  0
LWPOLYLINE
  5
23D
330
17
100
AcDbEntity
  8
CUT
100
AcDbPolyline
 90
6
 70
1
 10
219.60495827718634
 20
256.48753028777895
 10
226.99504172281354
 20
256.48753028777895
 10
230.69008344562715
 20
262.88753028777893
 10
226.99504172281354
 20
269.28753028777896
 10
219.60495827718637
 20
269.28753028777896
 10
215.90991655437276
 20
262.88753028777893
  0
LWPOLYLINE
  5
23E
330
17
100
AcDbEntity
  8
CUT
100
AcDbPolyline
 90
6
 70
1
 10
192.75817075986873
 20
256.48753028777895
 10
200.14825420549596
 20
256.48753028777895
 10
203.84329592830954
 20
262.88753028777893
 10
200.14825420549593
 20
269.28753028777896
 10
192.75817075986876
 20
269.28753028777896
 10
189.06312903705515
 20
262.88753028777893
  0
LWPOLYLINE
  5
23F
330
17
100
AcDbEntity
  8
CUT
100
AcDbPolyline
 90
6
 70
1
 10
280.68861675744876
 20
256.48753028777895
 10
284.38365848026234
 20
262.88753028777893
 10
280.68861675744876
 20
269.28753028777896
 10
273.29853331182153
 20
269.28753028777896
 10
269.60349158900794
 20
262.88753028777893
 10
273.29853331182153
 20
256.48753028777895
  0
LWPOLYLINE
  5
240
330
17
100
AcDbEntity
  8
CUT
100
AcDbPolyline
 90
4
 70
1
 10
446.6
 20
253.5341184434354
 10
298.4
 20
253.5341184434354
 10
298.4
 20
303.2409421321225
 10
446.6
 20
303.2409421321225
  0
LWPOLYLINE
  5
241
330
17
100
AcDbEntity
  8
CUT
100
AcDbPolyline
 90
6
 70
1
 10
315.1113832425512
 20
287.48753028777895
 10
322.5014666881784
 20
287.48753028777895
 10
326.196508410992
 20
293.88753028777893
 10
322.5014666881784
 20
300.28753028777896
 10
315.1113832425512
 20
300.28753028777896
 10
311.4163415197376
 20
293.88753028777893
  0
LWPOLYLINE
  5
242
330
17
100
AcDbEntity
  8
CUT
100
AcDbPolyline
 90
6
 70
1
 10
422.4985333118216
 20
287.48753028777895
 10
429.8886167574488
 20
287.48753028777895
 10
433.5836584802624
 20
293.88753028777893
 10
429.8886167574488
 20
300.28753028777896
 10
422.4985333118216
 20
300.28753028777896
 10
418.803491589008
 20
293.88753028777893
  0
LWPOLYLINE
  5
243
330
17
100
AcDbEntity
  8
CUT
100
AcDbPolyline
 90
6
 70
1
 10
403.0418292401312
 20
287.48753028777895
 10
406.7368709629448
 20
293.88753028777893
 10
403.04182924013116
 20
300.28753028777896
 10
395.651745794504
 20
300.28753028777896
 10
391.9567040716904
 20
293.88753028777893
 10
395.651745794504
 20
287.48753028777895
  0
LWPOLYLINE
  5
244
330
17
100
AcDbEntity
  8
CUT
100
AcDbPolyline
 90
6
 70
1
 10
368.8049582771864
 20
287.48753028777895
 10
376.1950417228136
 20
287.48753028777895
 10
379.8900834456272
 20
293.88753028777893
 10
376.1950417228136
 20
300.28753028777896
 10
368.8049582771864
 20
300.28753028777896
 10
365.1099165543728
 20
293.88753028777893
  0
LWPOLYLINE
  5
245
330
17
100
AcDbEntity
  8
CUT
100
AcDbPolyline
 90
6
 70
1
 10
341.9581707598688
 20
287.48753028777895
 10
349.348254205496
 20
287.48753028777895
 10
353.0432959283096
 20
293.88753028777893
 10
349.348254205496
 20
300.28753028777896
 10
341.9581707598688
 20
300.28753028777896
 10
338.2631290370552
 20
293.88753028777893
  0
LWPOLYLINE
  5
246
330
17
100
AcDbEntity
  8
CUT
100
AcDbPolyline
 90
6
 70
1
 10
409.0751395531628
 20
279.73753028777895
 10
416.46522299879
 20
279.73753028777895
 10
420.1602647216036
 20
286.13753028777893
 10
416.46522299879
 20
292.53753028777896
 10
409.0751395531628
 20
292.53753028777896
 10
405.3800978303492
 20
286.13753028777893
  0
LWPOLYLINE
  5
247
330
17
100
AcDbEntity
  8
CUT
100
AcDbPolyline
 90
6
 70
1
 10
382.2283520358452
 20
279.73753028777895
 10
389.6184354814724
 20
279.73753028777895
 10
393.313477204286
 20
286.13753028777893
 10
389.6184354814724
 20
292.53753028777896
 10
382.2283520358452
 20
292.53753028777896
 10
378.5333103130316
 20
286.13753028777893
  0
LWPOLYLINE
  5
248
330
17
100
AcDbEntity
  8
CUT
100
AcDbPolyline
 90
6
 70
1
 10
362.7716479641548
 20
279.73753028777895
 10
366.46668968696844
 20
286.13753028777893
 10
362.7716479641548
 20
292.53753028777896
 10
355.3815645185276
 20
292.53753028777896
 10
351.686522795714
 20
286.13753028777893
 10
355.3815645185276
 20
279.73753028777895
  0
LWPOLYLINE
  5
249
330
17
100
AcDbEntity
  8
CUT
100
AcDbPolyline
 90
6
 70
1
 10
335.9248604468372
 20
279.73753028777895
 10
339.6199021696508
 20
286.13753028777893
 10
335.9248604468372
 20
292.53753028777896
 10
328.53477700121
 20
292.53753028777896
 10
324.8397352783964
 20
286.13753028777893
 10
328.53477700121
 20
279.73753028777895
  0
LWPOLYLINE
  5
24A
330
17
100
AcDbEntity
  8
CUT
100
AcDbPolyline
 90
6
 70
1
 10
429.8886167574488
 20
271.98753028777895
 10
433.5836584802624
 20
278.38753028777893
 10
429.8886167574488
 20
284.78753028777896
 10
422.4985333118216
 20
284.78753028777896
 10
418.803491589008
 20
278.38753028777893
 10
422.4985333118216
 20
271.98753028777895
  0
LWPOLYLINE
  5
24B
330
17
100
AcDbEntity
  8
CUT
100
AcDbPolyline
 90
6
 70
1
 10
395.651745794504
 20
271.98753028777895
 10
403.0418292401312
 20
271.98753028777895
 10
406.7368709629448
 20
278.38753028777893
 10
403.04182924013116
 20
284.78753028777896
 10
395.651745794504
 20
284.78753028777896
 10
391.9567040716904
 20
278.38753028777893
  0
LWPOLYLINE
  5
24C
330
17
100
AcDbEntity
  8
CUT
100
AcDbPolyline
 90
6
 70
1
 10
341.9581707598688
 20
271.98753028777895
 10
349.348254205496
 20
271.98753028777895
 10
353.0432959283096
 20
278.38753028777893
 10
349.348254205496
 20
284.78753028777896
 10
341.9581707598688
 20
284.78753028777896
 10
338.2631290370552
 20
278.38753028777893
  0
LWPOLYLINE
  5
24D
330
17
100
AcDbEntity
  8
CUT
100
AcDbPolyline
 90
6
 70
1
 10
315.1113832425512
 20
271.98753028777895
 10
322.5014666881784
 20
271.98753028777895
 10
326.196508410992
 20
278.38753028777893
 10
322.5014666881784
 20
284.78753028777896
 10
315.1113832425512
 20
284.78753028777896
 10
311.4163415197376
 20
278.38753028777893
  0
LWPOLYLINE
  5
24E
330
17
100
AcDbEntity
  8
CUT
100
AcDbPolyline
 90
6
 70
1
 10
368.8049582771864
 20
271.98753028777895
 10
376.1950417228136
 20
271.98753028777895
 10
379.89008344562717
 20
278.38753028777893
 10
376.1950417228136
 20
284.78753028777896
 10
368.8049582771864
 20
284.78753028777896
 10
365.10991655437283
 20
278.38753028777893
  0
LWPOLYLINE
  5
24F
330
17
100
AcDbEntity
  8
CUT
100
AcDbPolyline
 90
6
 70
1
 10
416.46522299879
 20
264.23753028777895
 10
420.1602647216036
 20
270.63753028777893
 10
416.46522299879
 20
277.03753028777896
 10
409.0751395531628
 20
277.03753028777896
 10
405.3800978303492
 20
270.63753028777893
 10
409.0751395531628
 20
264.23753028777895
  0
LWPOLYLINE
  5
250
330
17
100
AcDbEntity
  8
CUT
100
AcDbPolyline
 90
6
 70
1
 10
389.6184354814724
 20
264.23753028777895
 10
393.313477204286
 20
270.63753028777893
 10
389.6184354814724
 20
277.03753028777896
 10
382.2283520358452
 20
277.03753028777896
 10
378.5333103130316
 20
270.63753028777893
 10
382.2283520358452
 20
264.23753028777895
  0
LWPOLYLINE
  5
251
330
17
100
AcDbEntity
  8
CUT
100
AcDbPolyline
 90
6
 70
1
 10
362.7716479641548
 20
264.23753028777895
 10
366.4666896869684
 20
270.63753028777893
 10
362.7716479641548
 20
277.03753028777896
 10
355.3815645185276
 20
277.03753028777896
 10
351.68652279571404
 20
270.63753028777893
 10
355.3815645185276
 20
264.23753028777895
  0
LWPOLYLINE
  5
252
330
17
100
AcDbEntity
  8
CUT
100
AcDbPolyline
 90
6
 70
1
 10
328.53477700121
 20
264.23753028777895
 10
335.9248604468372
 20
264.23753028777895
 10
339.6199021696508
 20
270.63753028777893
 10
335.9248604468372
 20
277.03753028777896
 10
328.53477700121
 20
277.03753028777896
 10
324.8397352783964
 20
270.63753028777893
  0
LWPOLYLINE
  5
253
330
17
100
AcDbEntity
  8
CUT
100
AcDbPolyline
 90
6
 70
1
 10
322.5014666881784
 20
256.48753028777895
 10
326.196508410992
 20
262.88753028777893
 10
322.5014666881784
 20
269.28753028777896
 10
315.1113832425512
 20
269.28753028777896
 10
311.4163415197376
 20
262.88753028777893
 10
315.1113832425512
 20
256.48753028777895
  0
LWPOLYLINE
  5
254
330
17
100
AcDbEntity
  8
CUT
100
AcDbPolyline
 90
6
 70
1
 10
395.651745794504
 20
256.48753028777895
 10
403.0418292401312
 20
256.48753028777895
 10
406.7368709629448
 20
262.88753028777893
 10
403.04182924013116
 20
269.28753028777896
 10
395.651745794504
 20
269.28753028777896
 10
391.9567040716904
 20
262.88753028777893
  0
LWPOLYLINE
  5
255
330
17
100
AcDbEntity
  8
CUT
100
AcDbPolyline
 90
6
 70
1
 10
368.8049582771864
 20
256.48753028777895
 10
376.1950417228136
 20
256.48753028777895
 10
379.89008344562717
 20
262.88753028777893
 10
376.1950417228136
 20
269.28753028777896
 10
368.8049582771864
 20
269.28753028777896
 10
365.10991655437283
 20
262.88753028777893
  0
LWPOLYLINE
  5
256
330
17
100
AcDbEntity
  8
CUT
100
AcDbPolyline
 90
6
 70
1
 10
341.9581707598688
 20
256.48753028777895
 10
349.348254205496
 20
256.48753028777895
 10
353.0432959283096
 20
262.88753028777893
 10
349.348254205496
 20
269.28753028777896
 10
341.95817075986884
 20
269.28753028777896
 10
338.2631290370552
 20
262.88753028777893
  0
LWPOLYLINE
  5
257
330
17
100
AcDbEntity
  8
CUT
100
AcDbPolyline
 90
6
 70
1
 10
429.8886167574488
 20
256.48753028777895
 10
433.5836584802624
 20
262.88753028777893
 10
429.8886167574488
 20
269.28753028777896
 10
422.4985333118216
 20
269.28753028777896
 10
418.803491589008
 20
262.88753028777893
 10
422.4985333118216
 20
256.48753028777895
  0
LWPOLYLINE
  5
258
330
17
100
AcDbEntity
  8
CUT
100
AcDbPolyline
 90
4
 70
1
 10
595.8
 20
253.5341184434354
 10
447.5999999999999
 20
253.5341184434354
 10
447.5999999999999
 20
303.2409421321225
 10
595.8
 20
303.2409421321225
  0
LWPOLYLINE
  5
259
330
17
100
AcDbEntity
  8
CUT
100
AcDbPolyline
 90
6
 70
1
 10
464.31138324255113
 20
287.48753028777895
 10
471.70146668817836
 20
287.48753028777895
 10
475.39650841099194
 20
293.88753028777893
 10
471.70146668817836
 20
300.28753028777896
 10
464.31138324255113
 20
300.28753028777896
 10
460.61634151973755
 20
293.88753028777893
  0
LWPOLYLINE
  5
25A
330
17
100
AcDbEntity
  8
CUT
100
AcDbPolyline
 90
6
 70
1
 10
571.6985333118215
 20
287.48753028777895
 10
579.0886167574488
 20
287.48753028777895
 10
582.7836584802624
 20
293.88753028777893
 10
579.0886167574488
 20
300.28753028777896
 10
571.6985333118215
 20
300.28753028777896
 10
568.0034915890079
 20
293.88753028777893
  0
LWPOLYLINE
  5
25B
330
17
100
AcDbEntity
  8
CUT
100
AcDbPolyline
 90
6
 70
1
 10
552.2418292401311
 20
287.48753028777895
 10
555.9368709629448
 20
293.88753028777893
 10
552.2418292401311
 20
300.28753028777896
 10
544.8517457945039
 20
300.28753028777896
 10
541.1567040716903
 20
293.88753028777893
 10
544.8517457945039
 20
287.48753028777895
  0
LWPOLYLINE
  5
25C
330
17
100
AcDbEntity
  8
CUT
100
AcDbPolyline
 90
6
 70
1
 10
518.0049582771863
 20
287.48753028777895
 10
525.3950417228135
 20
287.48753028777895
 10
529.0900834456271
 20
293.88753028777893
 10
525.3950417228135
 20
300.28753028777896
 10
518.0049582771863
 20
300.28753028777896
 10
514.3099165543728
 20
293.88753028777893
  0
LWPOLYLINE
  5
25D
330
17
100
AcDbEntity
  8
CUT
100
AcDbPolyline
 90
6
 70
1
 10
491.1581707598687
 20
287.48753028777895
 10
498.54825420549594
 20
287.48753028777895
 10
502.2432959283095
 20
293.88753028777893
 10
498.54825420549594
 20
300.28753028777896
 10
491.1581707598687
 20
300.28753028777896
 10
487.4631290370551
 20
293.88753028777893
  0
LWPOLYLINE
  5
25E
330
17
100
AcDbEntity
  8
CUT
100
AcDbPolyline
 90
6
 70
1
 10
558.2751395531627
 20
279.73753028777895
 10
565.6652229987899
 20
279.73753028777895
 10
569.3602647216036
 20
286.13753028777893
 10
565.6652229987899
 20
292.53753028777896
 10
558.2751395531627
 20
292.53753028777896
 10
554.5800978303491
 20
286.13753028777893
  0
LWPOLYLINE
  5
25F
330
17
100
AcDbEntity
  8
CUT
100
AcDbPolyline
 90
6
 70
1
 10
531.4283520358451
 20
279.73753028777895
 10
538.8184354814723
 20
279.73753028777895
 10
542.5134772042859
 20
286.13753028777893
 10
538.8184354814723
 20
292.53753028777896
 10
531.4283520358451
 20
292.53753028777896
 10
527.7333103130316
 20
286.13753028777893
  0
LWPOLYLINE
  5
260
330
17
100
AcDbEntity
  8
CUT
100
AcDbPolyline
 90
6
 70
1
 10
511.9716479641547
 20
279.73753028777895
 10
515.6666896869683
 20
286.13753028777893
 10
511.9716479641547
 20
292.53753028777896
 10
504.58156451852756
 20
292.53753028777896
 10
500.8865227957139
 20
286.13753028777893
 10
504.58156451852756
 20
279.73753028777895
  0
LWPOLYLINE
  5
261
330
17
100
AcDbEntity
  8
CUT
100
AcDbPolyline
 90
6
 70
1
 10
485.12486044683715
 20
279.73753028777895
 10
488.81990216965073
 20
286.13753028777893
 10
485.12486044683715
 20
292.53753028777896
 10
477.7347770012099
 20
292.53753028777896
 10
474.03973527839634
 20
286.13753028777893
 10
477.7347770012099
 20
279.73753028777895
  0
LWPOLYLINE
  5
262
330
17
100
AcDbEntity
  8
CUT
100
AcDbPolyline
 90
6
 70
1
 10
579.0886167574487
 20
271.98753028777895
 10
582.7836584802624
 20
278.38753028777893
 10
579.0886167574487
 20
284.78753028777896
 10
571.6985333118215
 20
284.78753028777896
 10
568.0034915890079
 20
278.38753028777893
 10
571.6985333118215
 20
271.98753028777895
  0
LWPOLYLINE
  5
263
330
17
100
AcDbEntity
  8
CUT
100
AcDbPolyline
 90
6
 70
1
 10
544.8517457945039
 20
271.98753028777895
 10
552.2418292401311
 20
271.98753028777895
 10
555.9368709629448
 20
278.38753028777893
 10
552.2418292401311
 20
284.78753028777896
 10
544.8517457945039
 20
284.78753028777896
 10
541.1567040716903
 20
278.38753028777893
  0
LWPOLYLINE
  5
264
330
17
100
AcDbEntity
  8
CUT
100
AcDbPolyline
 90
6
 70
1
 10
491.1581707598687
 20
271.98753028777895
 10
498.54825420549594
 20
271.98753028777895
 10
502.2432959283095
 20
278.38753028777893
 10
498.54825420549594
 20
284.78753028777896
 10
491.1581707598687
 20
284.78753028777896
 10
487.4631290370551
 20
278.38753028777893
  0
LWPOLYLINE
  5
265
330
17
100
AcDbEntity
  8
CUT
100
AcDbPolyline
 90
6
 70
1
 10
464.31138324255113
 20
271.98753028777895
 10
471.70146668817836
 20
271.98753028777895
 10
475.39650841099194
 20
278.38753028777893
 10
471.70146668817836
 20
284.78753028777896
 10
464.31138324255113
 20
284.78753028777896
 10
460.61634151973755
 20
278.38753028777893
  0
LWPOLYLINE
  5
266
330
17
100
AcDbEntity
  8
CUT
100
AcDbPolyline
 90
6
 70
1
 10
518.0049582771863
 20
271.98753028777895
 10
525.3950417228135
 20
271.98753028777895
 10
529.0900834456271
 20
278.38753028777893
 10
525.3950417228135
 20
284.78753028777896
 10
518.0049582771863
 20
284.78753028777896
 10
514.3099165543728
 20
278.38753028777893
  0
LWPOLYLINE
  5
267
330
17
100
AcDbEntity
  8
CUT
100
AcDbPolyline
 90
6
 70
1
 10
565.6652229987899
 20
264.23753028777895
 10
569.3602647216036
 20
270.63753028777893
 10
565.6652229987899
 20
277.03753028777896
 10
558.2751395531627
 20
277.03753028777896
 10
554.5800978303491
 20
270.63753028777893
 10
558.2751395531627
 20
264.23753028777895
  0
LWPOLYLINE
  5
268
330
17
100
AcDbEntity
  8
CUT
100
AcDbPolyline
 90
6
 70
1
 10
538.8184354814723
 20
264.23753028777895
 10
542.5134772042859
 20
270.63753028777893
 10
538.8184354814723
 20
277.03753028777896
 10
531.4283520358451
 20
277.03753028777896
 10
527.7333103130316
 20
270.63753028777893
 10
531.4283520358451
 20
264.23753028777895
  0
LWPOLYLINE
  5
269
330
17
100
AcDbEntity
  8
CUT
100
AcDbPolyline
 90
6
 70
1
 10
511.9716479641547
 20
264.23753028777895
 10
515.6666896869683
 20
270.63753028777893
 10
511.9716479641547
 20
277.03753028777896
 10
504.58156451852756
 20
277.03753028777896
 10
500.886522795714
 20
270.63753028777893
 10
504.58156451852756
 20
264.23753028777895
  0
LWPOLYLINE
  5
26A
330
17
100
AcDbEntity
  8
CUT
100
AcDbPolyline
 90
6
 70
1
 10
477.7347770012099
 20
264.23753028777895
 10
485.12486044683715
 20
264.23753028777895
 10
488.81990216965073
 20
270.63753028777893
 10
485.12486044683715
 20
277.03753028777896
 10
477.7347770012099
 20
277.03753028777896
 10
474.03973527839634
 20
270.63753028777893
  0
LWPOLYLINE
  5
26B
330
17
100
AcDbEntity
  8
CUT
100
AcDbPolyline
 90
6
 70
1
 10
471.70146668817836
 20
256.48753028777895
 10
475.39650841099194
 20
262.88753028777893
 10
471.70146668817836
 20
269.28753028777896
 10
464.31138324255113
 20
269.28753028777896
 10
460.61634151973755
 20
262.88753028777893
 10
464.31138324255113
 20
256.48753028777895
  0
LWPOLYLINE
  5
26C
330
17
100
AcDbEntity
  8
CUT
100
AcDbPolyline
 90
6
 70
1
 10
544.8517457945039
 20
256.48753028777895
 10
552.2418292401311
 20
256.48753028777895
 10
555.9368709629448
 20
262.88753028777893
 10
552.2418292401311
 20
269.28753028777896
 10
544.8517457945039
 20
269.28753028777896
 10
541.1567040716903
 20
262.88753028777893
  0
LWPOLYLINE
  5
26D
330
17
100
AcDbEntity
  8
CUT
100
AcDbPolyline
 90
6
 70
1
 10
518.0049582771863
 20
256.48753028777895
 10
525.3950417228135
 20
256.48753028777895
 10
529.0900834456271
 20
262.88753028777893
 10
525.3950417228135
 20
269.28753028777896
 10
518.0049582771863
 20
269.28753028777896
 10
514.3099165543728
 20
262.88753028777893
  0
LWPOLYLINE
  5
26E
330
17
100
AcDbEntity
  8
CUT
100
AcDbPolyline
 90
6
 70
1
 10
491.1581707598687
 20
256.48753028777895
 10
498.54825420549594
 20
256.48753028777895
 10
502.2432959283095
 20
262.88753028777893
 10
498.54825420549594
 20
269.28753028777896
 10
491.15817075986877
 20
269.28753028777896
 10
487.4631290370551
 20
262.88753028777893
  0
LWPOLYLINE
  5
26F
330
17
100
AcDbEntity
  8
CUT
100
AcDbPolyline
 90
6
 70
1
 10
579.0886167574487
 20
256.48753028777895
 10
582.7836584802624
 20
262.88753028777893
 10
579.0886167574487
 20
269.28753028777896
 10
571.6985333118215
 20
269.28753028777896
 10
568.0034915890079
 20
262.88753028777893
 10
571.6985333118215
 20
256.48753028777895
  0
ENDSEC
  0
SECTION
  2
OBJECTS
  0
DICTIONARY
  5
A
330
0
100
AcDbDictionary
281
1
  3
ACAD_COLOR
350
B
  3
ACAD_GROUP
350
C
  3
ACAD_LAYOUT
350
D
  3
ACAD_MATERIAL
350
E
  3
ACAD_MLEADERSTYLE
350
F
  3
ACAD_MLINESTYLE
350
10
  3
ACAD_PLOTSETTINGS
350
11
  3
ACAD_PLOTSTYLENAME
350
12
  3
ACAD_SCALELIST
350
14
  3
ACAD_TABLESTYLE
350
15
  3
ACAD_VISUALSTYLE
350
16
  3
EZDXF_META
350
2D
  0
DICTIONARY
  5
B
330
A
100
AcDbDictionary
281
1
  0
DICTIONARY
  5
C
330
A
100
AcDbDictionary
281
1
  0
DICTIONARY
  5
D
330
A
100
AcDbDictionary
281
1
  3
Model
350
1A
  3
Layout1
350
1E
  0
DICTIONARY
  5
E
330
A
100
AcDbDictionary
281
1
  3
ByBlock
350
1F
  3
ByLayer
350
20
  3
Global
350
21
  0
DICTIONARY
  5
F
330
A
100
AcDbDictionary
281
1
  3
Standard
350
2C
  0
DICTIONARY
  5
10
330
A
100
AcDbDictionary
281
1
  3
Standard
350
22
  0
DICTIONARY
  5
11
330
A
100
AcDbDictionary
281
1
  0
ACDBDICTIONARYWDFLT
  5
12
330
A
100
AcDbDictionary
281
1
  3
Normal
350
13
100
AcDbDictionaryWithDefault
340
13
  0
ACDBPLACEHOLDER
  5
13
330
12
  0
DICTIONARY
  5
14
330
A
100
AcDbDictionary
281
1
  0
DICTIONARY
  5
15
330
A
100
AcDbDictionary
281
1
  0
DICTIONARY
  5
16
330
A
100
AcDbDictionary
281
1
  0
LAYOUT
  5
1A
330
D
100
AcDbPlotSettings
  1

  4
A3
  6

 40
7.5
 41
20.0
 42
7.5
 43
20.0
 44
420.0
 45
297.0
 46
0.0
 47
0.0
 48
0.0
 49
0.0
140
0.0
141
0.0
142
1.0
143
1.0
 70
1024
 72
1
 73
0
 74
5
  7

 75
16
 76
0
 77
2
 78
300
147
1.0
148
0.0
149
0.0
100
AcDbLayout
  1
Model
 70
1
 71
0
 10
0.0
 20
0.0
 11
420.0
 21
297.0
 12
0.0
 22
0.0
 32
0.0
 14
1e+20
 24
1e+20
 34
1e+20
 15
-1e+20
 25
-1e+20
 35
-1e+20
146
0.0
 13
0.0
 23
0.0
 33
0.0
 16
1.0
 26
0.0
 36
0.0
 17
0.0
 27
1.0
 37
0.0
 76
1
330
17
  0
LAYOUT
  5
1E
330
D
100
AcDbPlotSettings
  1

  4
A3
  6

 40
7.5
 41
20.0
 42
7.5
 43
20.0
 44
420.0
 45
297.0
 46
0.0
 47
0.0
 48
0.0
 49
0.0
140
0.0
141
0.0
142
1.0
143
1.0
 70
0
 72
1
 73
0
 74
5
  7

 75
16
 76
0
 77
2
 78
300
147
1.0
148
0.0
149
0.0
100
AcDbLayout
  1
Layout1
 70
1
 71
1
 10
0.0
 20
0.0
 11
420.0
 21
297.0
 12
0.0
 22
0.0
 32
0.0
 14
1e+20
 24
1e+20
 34
1e+20
 15
-1e+20
 25
-1e+20
 35
-1e+20
146
0.0
 13
0.0
 23
0.0
 33
0.0
 16
1.0
 26
0.0
 36
0.0
 17
0.0
 27
1.0
 37
0.0
 76
1
330
1B
  0
MATERIAL
  5
1F
102
{ACAD_REACTORS
330
E
102
}
330
E
100
AcDbMaterial
  1
ByBlock
  2

 70
0
 40
1.0
 71
1
 41
1.0
 91
-1023410177
 42
1.0
 72
1
  3

 73
1
 74
1
 75
1
 44
0.5
 73
0
 45
1.0
 46
1.0
 77
1
  4

 78
1
 79
1
170
1
 48
1.0
171
1
  6

172
1
173
1
174
1
140
1.0
141
1.0
175
1
  7

176
1
177
1
178
1
143
1.0
179
1
  8

270
1
271
1
272
1
145
1.0
146
1.0
273
1
  9

274
1
275
1
276
1
 42
1.0
 72
1
  3

 73
1
 74
1
 75
1
 94
63
  0
MATERIAL
  5
20
102
{ACAD_REACTORS
330
E
102
}
330
E
100
AcDbMaterial
  1
ByLayer
  2

 70
0
 40
1.0
 71
1
 41
1.0
 91
-1023410177
 42
1.0
 72
1
  3

 73
1
 74
1
 75
1
 44
0.5
 73
0
 45
1.0
 46
1.0
 77
1
  4

 78
1
 79
1
170
1
 48
1.0
171
1
  6

172
1
173
1
174
1
140
1.0
141
1.0
175
1
  7

176
1
177
1
178
1
143
1.0
179
1
  8

270
1
271
1
272
1
145
1.0
146
1.0
273
1
  9

274
1
275
1
276
1
 42
1.0
 72
1
  3

 73
1
 74
1
 75
1
 94
63
  0
MATERIAL
  5
21
102
{ACAD_REACTORS
330
E
102
}
330
E
100
AcDbMaterial
  1
Global
  2

 70
0
 40
1.0
 71
1
 41
1.0
 91
-1023410177
 42
1.0
 72
1
  3

 73
1
 74
1
 75
1
 44
0.5
 73
0
 45
1.0
 46
1.0
 77
1
  4

 78
1
 79
1
170
1
 48
1.0
171
1
  6

172
1
173
1
174
1
140
1.0
141
1.0
175
1
  7

176
1
177
1
178
1
143
1.0
179
1
  8

270
1
271
1
272
1
145
1.0
146
1.0
273
1
  9

274
1
275
1
276
1
 42
1.0
 72
1
  3

 73
1
 74
1
 75
1
 94
63
  0
MLINESTYLE
  5
22
102
{ACAD_REACTORS
330
10
102
}
330
10
100
AcDbMlineStyle
  2
Standard
 70
0
  3

 62
256
 51
90.0
 52
90.0
 71
2
 49
0.5
 62
256
  6
BYLAYER
 49
-0.5
 62
256
  6
BYLAYER
  0
MLEADERSTYLE
  5
2C
102
{ACAD_REACTORS
330
F
102
}
330
F
100
AcDbMLeaderStyle
179
2
170
2
171
1
172
0
 90
2
 40
0.0
 41
0.0
173
1
 91
-1056964608
 92
-2
290
1
 42
2.0
291
1
 43
8.0
  3
Standard
 44
4.0
300

342
29
174
1
175
1
176
0
178
1
 93
-1056964608
 45
4.0
292
0
297
0
 46
4.0
 94
-1056964608
 47
1.0
 49
1.0
140
1.0
294
1
141
0.0
177
0
142
1.0
295
0
296
0
143
3.75
271
0
272
9
273
9
  0
DICTIONARY
  5
2D
330
A
100
AcDbDictionary
280
1
281
1
  3
CREATED_BY_EZDXF
350
2E
  3
WRITTEN_BY_EZDXF
350
272
  0
DICTIONARYVAR
  5
2E
330
2D
100
DictionaryVariables
280
0
  1
1.4.4 @ 2026-09-17T17:24:44.956842+00:00
  0
DICTIONARYVAR
  5
272
330
2D
100
DictionaryVariables
280
0
  1
1.4.4 @ 2026-09-17T17:24:44.977898+00:00
  0
ENDSEC
  0
EOF
